﻿[
  {
    "ID": 0,
    "Name": "松風",
    "Kana": "ﾏﾂｶｾﾞ",
    "Image": 34,
    "Price": 15000,
    "Rarity": 7,
    "ItemType": 7,
    "AbilityScores": 0,
    "AbilityType": 0
  },
  {
    "ID": 1,
    "Name": "帝釈栗毛",
    "Kana": "ﾀｲｼｬｸｸﾘｹﾞ",
    "Image": 32,
    "Price": 8800,
    "Rarity": 6,
    "ItemType": 7,
    "AbilityScores": 0,
    "AbilityType": 0
  },
  {
    "ID": 2,
    "Name": "放生月毛",
    "Kana": "ﾎｳｼｮｳﾂｷｹﾞ",
    "Image": 33,
    "Price": 9000,
    "Rarity": 6,
    "ItemType": 7,
    "AbilityScores": 0,
    "AbilityType": 0
  },
  {
    "ID": 3,
    "Name": "白石",
    "Kana": "ｼﾛｲｼ",
    "Image": 31,
    "Price": 6000,
    "Rarity": 5,
    "ItemType": 7,
    "AbilityScores": 0,
    "AbilityType": 0
  },
  {
    "ID": 4,
    "Name": "黒雲",
    "Kana": "ｸﾛｸﾓ",
    "Image": 31,
    "Price": 4400,
    "Rarity": 5,
    "ItemType": 7,
    "AbilityScores": 0,
    "AbilityType": 0
  },
  {
    "ID": 5,
    "Name": "星崎",
    "Kana": "ﾎｼｻﾞｷ",
    "Image": 34,
    "Price": 5500,
    "Rarity": 5,
    "ItemType": 7,
    "AbilityScores": 0,
    "AbilityType": 0
  },
  {
    "ID": 6,
    "Name": "三国黒",
    "Kana": "ﾐｸﾆｸﾞﾛ",
    "Image": 31,
    "Price": 4500,
    "Rarity": 5,
    "ItemType": 7,
    "AbilityScores": 0,
    "AbilityType": 0
  },
  {
    "ID": 7,
    "Name": "近江黒",
    "Kana": "ｵｳﾐｸﾞﾛ",
    "Image": 31,
    "Price": 4700,
    "Rarity": 5,
    "ItemType": 7,
    "AbilityScores": 0,
    "AbilityType": 0
  },
  {
    "ID": 8,
    "Name": "小雲雀",
    "Kana": "ｺﾋﾊﾞﾘ",
    "Image": 34,
    "Price": 5200,
    "Rarity": 5,
    "ItemType": 7,
    "AbilityScores": 0,
    "AbilityType": 0
  },
  {
    "ID": 9,
    "Name": "百段",
    "Kana": "ﾋｬｸﾀﾞﾝ",
    "Image": 31,
    "Price": 6100,
    "Rarity": 5,
    "ItemType": 7,
    "AbilityScores": 0,
    "AbilityType": 0
  },
  {
    "ID": 10,
    "Name": "会津黒",
    "Kana": "ｱｲﾂﾞｸﾞﾛ",
    "Image": 31,
    "Price": 3900,
    "Rarity": 5,
    "ItemType": 7,
    "AbilityScores": 0,
    "AbilityType": 0
  },
  {
    "ID": 11,
    "Name": "駄馬",
    "Kana": "ﾀﾞﾊﾞ",
    "Image": 34,
    "Price": 50,
    "Rarity": 0,
    "ItemType": 7,
    "AbilityScores": 0,
    "AbilityType": 0
  },
  {
    "ID": 12,
    "Name": "聖騎士の鎧",
    "Kana": "ｾｲｷｼﾉﾖﾛｲ",
    "Image": 25,
    "Price": 50000,
    "Rarity": 7,
    "ItemType": 6,
    "AbilityScores": 18,
    "AbilityType": 1
  },
  {
    "ID": 13,
    "Name": "蚩尤の鎧",
    "Kana": "ｼﾕｳﾉﾖﾛｲ",
    "Image": 26,
    "Price": 50000,
    "Rarity": 7,
    "ItemType": 6,
    "AbilityScores": 17,
    "AbilityType": 1
  },
  {
    "ID": 14,
    "Name": "黒葦威胴丸",
    "Kana": "ｸﾛｱｼｵﾄﾞｼﾄﾞｳﾏﾙ",
    "Image": 27,
    "Price": 50000,
    "Rarity": 7,
    "ItemType": 6,
    "AbilityScores": 16,
    "AbilityType": 1
  },
  {
    "ID": 15,
    "Name": "色々威腹巻",
    "Kana": "ｲﾛｲﾛｵﾄﾞｼﾊﾗﾏｷ",
    "Image": 28,
    "Price": 22000,
    "Rarity": 7,
    "ItemType": 6,
    "AbilityScores": 12,
    "AbilityType": 1
  },
  {
    "ID": 16,
    "Name": "黒漆塗五枚胴",
    "Kana": "ｸﾛｳﾙｼﾇﾘｺﾞﾏｲﾄﾞｳ",
    "Image": 29,
    "Price": 19000,
    "Rarity": 7,
    "ItemType": 6,
    "AbilityScores": 10,
    "AbilityType": 1
  },
  {
    "ID": 17,
    "Name": "金小札色々威",
    "Kana": "ｷﾝｺｻﾞﾈｲﾛｲﾛｵﾄﾞｼ",
    "Image": 28,
    "Price": 6900,
    "Rarity": 6,
    "ItemType": 6,
    "AbilityScores": 7,
    "AbilityType": 1
  },
  {
    "ID": 18,
    "Name": "金陀美具足",
    "Kana": "ｷﾝﾀﾞﾐｸﾞｿｸ",
    "Image": 28,
    "Price": 7900,
    "Rarity": 6,
    "ItemType": 6,
    "AbilityScores": 6,
    "AbilityType": 1
  },
  {
    "ID": 19,
    "Name": "銀陀美具足",
    "Kana": "ｷﾞﾝﾀﾞﾐｸﾞｿｸ",
    "Image": 29,
    "Price": 7400,
    "Rarity": 6,
    "ItemType": 6,
    "AbilityScores": 5,
    "AbilityType": 1
  },
  {
    "ID": 20,
    "Name": "赤糸威肩白鎧",
    "Kana": "ｱｶｲﾄｵﾄﾞｼﾜﾀﾞｼﾛﾖﾛｲ",
    "Image": 28,
    "Price": 3600,
    "Rarity": 5,
    "ItemType": 6,
    "AbilityScores": 1,
    "AbilityType": 1
  },
  {
    "ID": 21,
    "Name": "熏辜素懸威",
    "Kana": "ﾌｽﾍﾞｶﾞﾜｽｶﾞｹｵﾄﾞｼ",
    "Image": 28,
    "Price": 3800,
    "Rarity": 5,
    "ItemType": 6,
    "AbilityScores": 1,
    "AbilityType": 1
  },
  {
    "ID": 22,
    "Name": "歯朶具足",
    "Kana": "ｼﾀﾞｸﾞｿｸ",
    "Image": 30,
    "Price": 3200,
    "Rarity": 5,
    "ItemType": 6,
    "AbilityScores": 1,
    "AbilityType": 1
  },
  {
    "ID": 23,
    "Name": "赤糸威小腹巻",
    "Kana": "ｱｶｲﾄｵﾄﾞｼｺﾊﾗﾏｷ",
    "Image": 28,
    "Price": 550,
    "Rarity": 4,
    "ItemType": 6,
    "AbilityScores": 0,
    "AbilityType": 1
  },
  {
    "ID": 24,
    "Name": "縹糸下散紅威",
    "Kana": "ﾊﾅﾀﾞｲﾄｹﾞｻﾝﾍﾞﾆｵﾄﾞｼ",
    "Image": 28,
    "Price": 550,
    "Rarity": 4,
    "ItemType": 6,
    "AbilityScores": 0,
    "AbilityType": 1
  },
  {
    "ID": 25,
    "Name": "南蛮胴具足",
    "Kana": "ﾅﾝﾊﾞﾝﾄﾞｳｸﾞｿｸ",
    "Image": 30,
    "Price": 200,
    "Rarity": 2,
    "ItemType": 6,
    "AbilityScores": 0,
    "AbilityType": 1
  },
  {
    "ID": 26,
    "Name": "鎖具足",
    "Kana": "ｸｻﾘｸﾞｿｸ",
    "Image": 28,
    "Price": 100,
    "Rarity": 1,
    "ItemType": 6,
    "AbilityScores": 0,
    "AbilityType": 1
  },
  {
    "ID": 27,
    "Name": "足軽具足",
    "Kana": "ｱｼｶﾞﾙｸﾞｿｸ",
    "Image": 28,
    "Price": 10,
    "Rarity": 0,
    "ItemType": 6,
    "AbilityScores": 0,
    "AbilityType": 1
  },
  {
    "ID": 28,
    "Name": "蜻蛉切",
    "Kana": "ﾄﾝﾎﾞｷﾞﾘ",
    "Image": 5,
    "Price": 20000,
    "Rarity": 7,
    "ItemType": 1,
    "AbilityScores": 12,
    "AbilityType": 1
  },
  {
    "ID": 29,
    "Name": "日本号",
    "Kana": "ﾆﾎﾝｺﾞｳ",
    "Image": 5,
    "Price": 8000,
    "Rarity": 6,
    "ItemType": 1,
    "AbilityScores": 10,
    "AbilityType": 1
  },
  {
    "ID": 30,
    "Name": "御手杵",
    "Kana": "ｵﾃｷﾞﾈ",
    "Image": 5,
    "Price": 7350,
    "Rarity": 6,
    "ItemType": 1,
    "AbilityScores": 8,
    "AbilityType": 1
  },
  {
    "ID": 31,
    "Name": "京信国",
    "Kana": "ｷｮｳﾉﾌﾞｸﾆ",
    "Image": 5,
    "Price": 5150,
    "Rarity": 5,
    "ItemType": 1,
    "AbilityScores": 2,
    "AbilityType": 1
  },
  {
    "ID": 32,
    "Name": "一国長吉",
    "Kana": "ｲｯｺｸﾅｶﾞﾖｼ",
    "Image": 5,
    "Price": 4900,
    "Rarity": 5,
    "ItemType": 1,
    "AbilityScores": 1,
    "AbilityType": 1
  },
  {
    "ID": 33,
    "Name": "菊池槍",
    "Kana": "ｷｸﾁﾔﾘ",
    "Image": 6,
    "Price": 650,
    "Rarity": 4,
    "ItemType": 1,
    "AbilityScores": 0,
    "AbilityType": 1
  },
  {
    "ID": 34,
    "Name": "半弓",
    "Kana": "ﾊﾝｷｭｳ",
    "Image": 15,
    "Price": 10,
    "Rarity": 0,
    "ItemType": 5,
    "AbilityScores": 0,
    "AbilityType": 1
  },
  {
    "ID": 35,
    "Name": "管槍",
    "Kana": "ｸﾀﾞﾔﾘ",
    "Image": 6,
    "Price": 300,
    "Rarity": 3,
    "ItemType": 1,
    "AbilityScores": 0,
    "AbilityType": 1
  },
  {
    "ID": 36,
    "Name": "鎌槍",
    "Kana": "ｶﾏﾔﾘ",
    "Image": 7,
    "Price": 300,
    "Rarity": 3,
    "ItemType": 1,
    "AbilityScores": 0,
    "AbilityType": 1
  },
  {
    "ID": 37,
    "Name": "十文字槍",
    "Kana": "ｼﾞｭｳﾓﾝｼﾞﾔﾘ",
    "Image": 7,
    "Price": 100,
    "Rarity": 2,
    "ItemType": 1,
    "AbilityScores": 0,
    "AbilityType": 1
  },
  {
    "ID": 38,
    "Name": "片鎌槍",
    "Kana": "ｶﾀｶﾏﾔﾘ",
    "Image": 7,
    "Price": 150,
    "Rarity": 2,
    "ItemType": 1,
    "AbilityScores": 0,
    "AbilityType": 1
  },
  {
    "ID": 39,
    "Name": "素槍",
    "Kana": "ｽﾔﾘ",
    "Image": 6,
    "Price": 50,
    "Rarity": 1,
    "ItemType": 1,
    "AbilityScores": 0,
    "AbilityType": 1
  },
  {
    "ID": 40,
    "Name": "村雨",
    "Kana": "ﾑﾗｻﾒ",
    "Image": 101,
    "Price": 26500,
    "Rarity": 7,
    "ItemType": 0,
    "AbilityScores": 15,
    "AbilityType": 1
  },
  {
    "ID": 41,
    "Name": "莫邪",
    "Kana": "ﾊﾞｸﾔ",
    "Image": 2,
    "Price": 50000,
    "Rarity": 7,
    "ItemType": 0,
    "AbilityScores": 18,
    "AbilityType": 1
  },
  {
    "ID": 42,
    "Name": "村正",
    "Kana": "ﾑﾗﾏｻ",
    "Image": 101,
    "Price": 28000,
    "Rarity": 7,
    "ItemType": 0,
    "AbilityScores": 13,
    "AbilityType": 1
  },
  {
    "ID": 43,
    "Name": "正宗",
    "Kana": "ﾏｻﾑﾈ",
    "Image": 100,
    "Price": 23000,
    "Rarity": 7,
    "ItemType": 0,
    "AbilityScores": 12,
    "AbilityType": 1
  },
  {
    "ID": 44,
    "Name": "鬼丸",
    "Kana": "ｵﾆﾏﾙ",
    "Image": 3,
    "Price": 21000,
    "Rarity": 7,
    "ItemType": 0,
    "AbilityScores": 11,
    "AbilityType": 1
  },
  {
    "ID": 45,
    "Name": "吉光骨喰",
    "Kana": "ﾖｼﾐﾂﾎﾈﾊﾞﾐ",
    "Image": 4,
    "Price": 19000,
    "Rarity": 7,
    "ItemType": 0,
    "AbilityScores": 10,
    "AbilityType": 1
  },
  {
    "ID": 46,
    "Name": "貞宗",
    "Kana": "ｻﾀﾞﾑﾈ",
    "Image": 3,
    "Price": 9500,
    "Rarity": 6,
    "ItemType": 0,
    "AbilityScores": 5,
    "AbilityType": 1
  },
  {
    "ID": 47,
    "Name": "童子切",
    "Kana": "ﾄﾞｳｼﾞｷﾞﾘ",
    "Image": 100,
    "Price": 9950,
    "Rarity": 6,
    "ItemType": 0,
    "AbilityScores": 6,
    "AbilityType": 1
  },
  {
    "ID": 48,
    "Name": "備前長船兼光",
    "Kana": "ﾋﾞｾﾞﾝｵｻﾌﾈｶﾈﾐﾂ",
    "Image": 3,
    "Price": 13000,
    "Rarity": 6,
    "ItemType": 0,
    "AbilityScores": 7,
    "AbilityType": 1
  },
  {
    "ID": 49,
    "Name": "菊一文字",
    "Kana": "ｷｸｲﾁﾓﾝｼﾞ",
    "Image": 4,
    "Price": 12100,
    "Rarity": 6,
    "ItemType": 0,
    "AbilityScores": 6,
    "AbilityType": 1
  },
  {
    "ID": 50,
    "Name": "三日月宗近",
    "Kana": "ﾐｶﾂﾞｷﾑﾈﾁｶ",
    "Image": 3,
    "Price": 10500,
    "Rarity": 6,
    "ItemType": 0,
    "AbilityScores": 5,
    "AbilityType": 1
  },
  {
    "ID": 51,
    "Name": "圧切",
    "Kana": "ﾍｼｷﾘ",
    "Image": 4,
    "Price": 11500,
    "Rarity": 6,
    "ItemType": 0,
    "AbilityScores": 5,
    "AbilityType": 1
  },
  {
    "ID": 52,
    "Name": "影秀",
    "Kana": "ｶｹﾞﾋﾃﾞ",
    "Image": 3,
    "Price": 10000,
    "Rarity": 6,
    "ItemType": 0,
    "AbilityScores": 5,
    "AbilityType": 1
  },
  {
    "ID": 53,
    "Name": "定利",
    "Kana": "ｻﾀﾞﾄｼ",
    "Image": 4,
    "Price": 7700,
    "Rarity": 6,
    "ItemType": 0,
    "AbilityScores": 5,
    "AbilityType": 1
  },
  {
    "ID": 54,
    "Name": "小龍景光",
    "Kana": "ｺﾘｭｳｶｹﾞﾐﾂ",
    "Image": 3,
    "Price": 11000,
    "Rarity": 6,
    "ItemType": 0,
    "AbilityScores": 5,
    "AbilityType": 1
  },
  {
    "ID": 55,
    "Name": "大典太",
    "Kana": "ﾀﾞｲﾃﾝﾀ",
    "Image": 4,
    "Price": 9300,
    "Rarity": 6,
    "ItemType": 0,
    "AbilityScores": 6,
    "AbilityType": 1
  },
  {
    "ID": 56,
    "Name": "日光助真",
    "Kana": "ﾆｯｺｳｽｹｻﾞﾈ",
    "Image": 3,
    "Price": 9250,
    "Rarity": 6,
    "ItemType": 0,
    "AbilityScores": 6,
    "AbilityType": 1
  },
  {
    "ID": 57,
    "Name": "瓶割刀",
    "Kana": "ｶﾒﾜﾘﾄｳ",
    "Image": 4,
    "Price": 8800,
    "Rarity": 6,
    "ItemType": 0,
    "AbilityScores": 5,
    "AbilityType": 1
  },
  {
    "ID": 58,
    "Name": "大般若長光",
    "Kana": "ﾀﾞｲﾊﾝﾆｬﾅｶﾞﾐﾂ",
    "Image": 3,
    "Price": 5000,
    "Rarity": 5,
    "ItemType": 0,
    "AbilityScores": 5,
    "AbilityType": 1
  },
  {
    "ID": 59,
    "Name": "天国",
    "Kana": "ｱﾏｸﾆ",
    "Image": 4,
    "Price": 2000,
    "Rarity": 5,
    "ItemType": 0,
    "AbilityScores": 4,
    "AbilityType": 1
  },
  {
    "ID": 60,
    "Name": "雷切",
    "Kana": "ﾗｲｷﾘ",
    "Image": 3,
    "Price": 3500,
    "Rarity": 5,
    "ItemType": 0,
    "AbilityScores": 5,
    "AbilityType": 1
  },
  {
    "ID": 61,
    "Name": "郷義弘",
    "Kana": "ｺﾞｳﾖｼﾋﾛ",
    "Image": 4,
    "Price": 2500,
    "Rarity": 5,
    "ItemType": 0,
    "AbilityScores": 5,
    "AbilityType": 1
  },
  {
    "ID": 62,
    "Name": "一期一振",
    "Kana": "ｲﾁｺﾞﾋﾄﾌﾘ",
    "Image": 3,
    "Price": 3050,
    "Rarity": 5,
    "ItemType": 0,
    "AbilityScores": 4,
    "AbilityType": 1
  },
  {
    "ID": 63,
    "Name": "児手柏",
    "Kana": "ｺﾉﾃｶﾞｼﾜ",
    "Image": 4,
    "Price": 4000,
    "Rarity": 5,
    "ItemType": 0,
    "AbilityScores": 4,
    "AbilityType": 1
  },
  {
    "ID": 64,
    "Name": "名物桑山",
    "Kana": "ﾒｲﾌﾞﾂｸﾜﾔﾏ",
    "Image": 3,
    "Price": 3850,
    "Rarity": 5,
    "ItemType": 0,
    "AbilityScores": 2,
    "AbilityType": 1
  },
  {
    "ID": 65,
    "Name": "会津新藤五",
    "Kana": "ｱｲﾂﾞｼﾝﾄｳｺﾞ",
    "Image": 4,
    "Price": 3950,
    "Rarity": 5,
    "ItemType": 0,
    "AbilityScores": 2,
    "AbilityType": 1
  },
  {
    "ID": 66,
    "Name": "物干竿",
    "Kana": "ﾓﾉﾎｼｻﾞｵ",
    "Image": 3,
    "Price": 2900,
    "Rarity": 5,
    "ItemType": 0,
    "AbilityScores": 2,
    "AbilityType": 1
  },
  {
    "ID": 67,
    "Name": "数珠丸恒次",
    "Kana": "ｼﾞｭｽﾞﾏﾙﾂﾈﾂｸﾞ",
    "Image": 4,
    "Price": 12000,
    "Rarity": 6,
    "ItemType": 0,
    "AbilityScores": 7,
    "AbilityType": 1
  },
  {
    "ID": 68,
    "Name": "宗三左文字",
    "Kana": "ｿｳｻﾝｻﾓﾝｼﾞ",
    "Image": 3,
    "Price": 4200,
    "Rarity": 5,
    "ItemType": 0,
    "AbilityScores": 1,
    "AbilityType": 1
  },
  {
    "ID": 69,
    "Name": "素鎌",
    "Kana": "ｽｶﾞﾏ",
    "Image": 10,
    "Price": 10,
    "Rarity": 0,
    "ItemType": 3,
    "AbilityScores": 0,
    "AbilityType": 1
  },
  {
    "ID": 70,
    "Name": "福岡一文字",
    "Kana": "ﾌｸｵｶｲﾁﾓﾝｼﾞ",
    "Image": 3,
    "Price": 600,
    "Rarity": 4,
    "ItemType": 0,
    "AbilityScores": 0,
    "AbilityType": 1
  },
  {
    "ID": 71,
    "Name": "長光作薙刀",
    "Kana": "ﾅｶﾞﾐﾂｻｸﾅｷﾞﾅﾀ",
    "Image": 4,
    "Price": 250,
    "Rarity": 3,
    "ItemType": 0,
    "AbilityScores": 0,
    "AbilityType": 1
  },
  {
    "ID": 72,
    "Name": "国光作短刀",
    "Kana": "ｸﾆﾐﾂｻｸﾀﾝﾄｳ",
    "Image": 3,
    "Price": 250,
    "Rarity": 3,
    "ItemType": 0,
    "AbilityScores": 0,
    "AbilityType": 1
  },
  {
    "ID": 73,
    "Name": "長船小太刀",
    "Kana": "ｵｻﾌﾈｺﾀﾞﾁ",
    "Image": 4,
    "Price": 150,
    "Rarity": 2,
    "ItemType": 0,
    "AbilityScores": 0,
    "AbilityType": 1
  },
  {
    "ID": 74,
    "Name": "近江物脇差",
    "Kana": "ｵｳﾐﾓﾉﾜｷｻﾞｼ",
    "Image": 8,
    "Price": 100,
    "Rarity": 2,
    "ItemType": 0,
    "AbilityScores": 0,
    "AbilityType": 1
  },
  {
    "ID": 75,
    "Name": "脇差",
    "Kana": "ﾜｷｻﾞｼ",
    "Image": 9,
    "Price": 50,
    "Rarity": 1,
    "ItemType": 0,
    "AbilityScores": 0,
    "AbilityType": 1
  },
  {
    "ID": 76,
    "Name": "無銘槍",
    "Kana": "ﾑﾒｲﾔﾘ",
    "Image": 6,
    "Price": 10,
    "Rarity": 0,
    "ItemType": 1,
    "AbilityScores": 0,
    "AbilityType": 1
  },
  {
    "ID": 77,
    "Name": "竹光",
    "Kana": "ﾀｹﾐﾂ",
    "Image": 4,
    "Price": 10,
    "Rarity": 0,
    "ItemType": 0,
    "AbilityScores": 0,
    "AbilityType": 1
  },
  {
    "ID": 78,
    "Name": "俵藤太の弓",
    "Kana": "ﾀﾜﾗﾉﾄｳﾀﾉﾕﾐ",
    "Image": 14,
    "Price": 8900,
    "Rarity": 6,
    "ItemType": 5,
    "AbilityScores": 10,
    "AbilityType": 1
  },
  {
    "ID": 79,
    "Name": "鎮西八郎の弓",
    "Kana": "ﾁﾝｾﾞｲﾊﾁﾛｳﾉﾕﾐ",
    "Image": 15,
    "Price": 5000,
    "Rarity": 5,
    "ItemType": 5,
    "AbilityScores": 8,
    "AbilityType": 1
  },
  {
    "ID": 80,
    "Name": "那須与一の弓",
    "Kana": "ﾅｽﾉﾖｲﾁﾉﾕﾐ",
    "Image": 14,
    "Price": 5550,
    "Rarity": 5,
    "ItemType": 5,
    "AbilityScores": 5,
    "AbilityType": 1
  },
  {
    "ID": 81,
    "Name": "重籐弓",
    "Kana": "ｼｹﾞﾄｳﾕﾐ",
    "Image": 15,
    "Price": 600,
    "Rarity": 4,
    "ItemType": 5,
    "AbilityScores": 0,
    "AbilityType": 1
  },
  {
    "ID": 82,
    "Name": "強弓",
    "Kana": "ｺﾞｳｷｭｳ",
    "Image": 14,
    "Price": 200,
    "Rarity": 2,
    "ItemType": 5,
    "AbilityScores": 0,
    "AbilityType": 1
  },
  {
    "ID": 83,
    "Name": "短弓",
    "Kana": "ﾀﾝｷｭｳ",
    "Image": 15,
    "Price": 150,
    "Rarity": 1,
    "ItemType": 5,
    "AbilityScores": 0,
    "AbilityType": 1
  },
  {
    "ID": 84,
    "Name": "三連筒",
    "Kana": "ｻﾝﾚﾝﾂﾞﾂ",
    "Image": 17,
    "Price": 5000,
    "Rarity": 6,
    "ItemType": 4,
    "AbilityScores": 8,
    "AbilityType": 1
  },
  {
    "ID": 85,
    "Name": "国友筒",
    "Kana": "ｸﾆﾄﾓﾂﾞﾂ",
    "Image": 16,
    "Price": 550,
    "Rarity": 4,
    "ItemType": 4,
    "AbilityScores": 0,
    "AbilityType": 1
  },
  {
    "ID": 86,
    "Name": "馬上筒",
    "Kana": "ﾊﾞｼﾞｮｳﾂﾞﾂ",
    "Image": 16,
    "Price": 300,
    "Rarity": 3,
    "ItemType": 4,
    "AbilityScores": 0,
    "AbilityType": 1
  },
  {
    "ID": 87,
    "Name": "種子島",
    "Kana": "ﾀﾈｶﾞｼﾏ",
    "Image": 16,
    "Price": 150,
    "Rarity": 2,
    "ItemType": 4,
    "AbilityScores": 0,
    "AbilityType": 1
  },
  {
    "ID": 88,
    "Name": "石火矢",
    "Kana": "ｲｼﾋﾞﾔ",
    "Image": 16,
    "Price": 50,
    "Rarity": 1,
    "ItemType": 4,
    "AbilityScores": 0,
    "AbilityType": 1
  },
  {
    "ID": 89,
    "Name": "無双苦無",
    "Kana": "ﾑｿｳｸﾅｲ",
    "Image": 13,
    "Price": 9000,
    "Rarity": 6,
    "ItemType": 2,
    "AbilityScores": 6,
    "AbilityType": 1
  },
  {
    "ID": 90,
    "Name": "日月流星",
    "Kana": "ﾆﾁｹﾞﾂﾘｭｳｾｲ",
    "Image": 13,
    "Price": 5000,
    "Rarity": 5,
    "ItemType": 2,
    "AbilityScores": 3,
    "AbilityType": 1
  },
  {
    "ID": 91,
    "Name": "鋼手裏剣",
    "Kana": "ﾊｶﾞﾈｼｭﾘｹﾝ",
    "Image": 12,
    "Price": 250,
    "Rarity": 3,
    "ItemType": 2,
    "AbilityScores": 0,
    "AbilityType": 1
  },
  {
    "ID": 92,
    "Name": "苦無",
    "Kana": "ｸﾅｲ",
    "Image": 12,
    "Price": 100,
    "Rarity": 2,
    "ItemType": 2,
    "AbilityScores": 0,
    "AbilityType": 1
  },
  {
    "ID": 93,
    "Name": "手裏剣",
    "Kana": "ｼｭﾘｹﾝ",
    "Image": 12,
    "Price": 10,
    "Rarity": 1,
    "ItemType": 2,
    "AbilityScores": 0,
    "AbilityType": 1
  },
  {
    "ID": 94,
    "Name": "飛槌",
    "Kana": "ﾋﾂｲ",
    "Image": 11,
    "Price": 8150,
    "Rarity": 6,
    "ItemType": 3,
    "AbilityScores": 6,
    "AbilityType": 1
  },
  {
    "ID": 95,
    "Name": "黄泉の鎌",
    "Kana": "ﾖﾐﾉｶﾏ",
    "Image": 11,
    "Price": 4900,
    "Rarity": 5,
    "ItemType": 3,
    "AbilityScores": 3,
    "AbilityType": 1
  },
  {
    "ID": 96,
    "Name": "黄金分銅",
    "Kana": "ｺｶﾞﾈﾌﾝﾄﾞｳ",
    "Image": 10,
    "Price": 600,
    "Rarity": 4,
    "ItemType": 3,
    "AbilityScores": 0,
    "AbilityType": 1
  },
  {
    "ID": 97,
    "Name": "忍び鎌",
    "Kana": "ｼﾉﾋﾞｶﾏ",
    "Image": 10,
    "Price": 300,
    "Rarity": 3,
    "ItemType": 3,
    "AbilityScores": 0,
    "AbilityType": 1
  },
  {
    "ID": 98,
    "Name": "鎖鎌",
    "Kana": "ｸｻﾘｶﾞﾏ",
    "Image": 10,
    "Price": 150,
    "Rarity": 1,
    "ItemType": 3,
    "AbilityScores": 0,
    "AbilityType": 1
  },
  {
    "ID": 99,
    "Name": "四季山水図",
    "Kana": "ｼｷｻﾝｽｲｽﾞ",
    "Image": 48,
    "Price": 13000,
    "Rarity": 7,
    "ItemType": 8,
    "AbilityScores": 10,
    "AbilityType": 4
  },
  {
    "ID": 100,
    "Name": "鶴図下絵和歌",
    "Kana": "ﾂﾙｽﾞｼﾀｴﾜｶ",
    "Image": 48,
    "Price": 8700,
    "Rarity": 6,
    "ItemType": 8,
    "AbilityScores": 5,
    "AbilityType": 4
  },
  {
    "ID": 101,
    "Name": "蒙古襲来絵詞",
    "Kana": "ﾓｳｺｼｭｳﾗｲｴｺﾄﾊﾞ",
    "Image": 48,
    "Price": 7050,
    "Rarity": 6,
    "ItemType": 8,
    "AbilityScores": 5,
    "AbilityType": 4
  },
  {
    "ID": 102,
    "Name": "瓢鮎図",
    "Kana": "ﾋｮｳﾈﾝｽﾞ",
    "Image": 48,
    "Price": 8400,
    "Rarity": 6,
    "ItemType": 8,
    "AbilityScores": 5,
    "AbilityType": 4
  },
  {
    "ID": 103,
    "Name": "草花下絵和歌",
    "Kana": "ｸｻﾊﾞﾅｼﾀｴﾜｶ",
    "Image": 48,
    "Price": 3900,
    "Rarity": 5,
    "ItemType": 8,
    "AbilityScores": 1,
    "AbilityType": 4
  },
  {
    "ID": 104,
    "Name": "松鷹図",
    "Kana": "ｼｮｳｵｳｽﾞ",
    "Image": 48,
    "Price": 3800,
    "Rarity": 5,
    "ItemType": 8,
    "AbilityScores": 1,
    "AbilityType": 4
  },
  {
    "ID": 105,
    "Name": "那智瀧図",
    "Kana": "ﾅﾁﾀｷｽﾞ",
    "Image": 48,
    "Price": 600,
    "Rarity": 4,
    "ItemType": 8,
    "AbilityScores": 0,
    "AbilityType": 4
  },
  {
    "ID": 106,
    "Name": "墨竹図",
    "Kana": "ﾎﾞｸﾁｸｽﾞ",
    "Image": 48,
    "Price": 500,
    "Rarity": 4,
    "ItemType": 8,
    "AbilityScores": 0,
    "AbilityType": 4
  },
  {
    "ID": 107,
    "Name": "風雨山水図",
    "Kana": "ﾌｳｳｻﾝｽｲｽﾞ",
    "Image": 48,
    "Price": 200,
    "Rarity": 3,
    "ItemType": 8,
    "AbilityScores": 0,
    "AbilityType": 4
  },
  {
    "ID": 108,
    "Name": "夕陽山水図",
    "Kana": "ｾｷﾖｳｻﾝｽｲｽﾞ",
    "Image": 48,
    "Price": 250,
    "Rarity": 3,
    "ItemType": 8,
    "AbilityScores": 0,
    "AbilityType": 4
  },
  {
    "ID": 109,
    "Name": "漁村夕照図",
    "Kana": "ｷﾞｮｿﾝｾｷｼｮｳｽﾞ",
    "Image": 48,
    "Price": 200,
    "Rarity": 3,
    "ItemType": 8,
    "AbilityScores": 0,
    "AbilityType": 4
  },
  {
    "ID": 110,
    "Name": "花鳥図絵",
    "Kana": "ｶﾁｮｳｽﾞｴ",
    "Image": 48,
    "Price": 150,
    "Rarity": 2,
    "ItemType": 8,
    "AbilityScores": 0,
    "AbilityType": 4
  },
  {
    "ID": 111,
    "Name": "竹鶏図",
    "Kana": "ﾁｸｹｲｽﾞ",
    "Image": 48,
    "Price": 100,
    "Rarity": 2,
    "ItemType": 8,
    "AbilityScores": 0,
    "AbilityType": 4
  },
  {
    "ID": 112,
    "Name": "唐様掛軸",
    "Kana": "ｶﾗﾖｳｶｹｼﾞｸ",
    "Image": 48,
    "Price": 50,
    "Rarity": 1,
    "ItemType": 8,
    "AbilityScores": 0,
    "AbilityType": 4
  },
  {
    "ID": 113,
    "Name": "洛中洛外図",
    "Kana": "ﾗｸﾁｭｳﾗｸｶﾞｲｽﾞ",
    "Image": 49,
    "Price": 12000,
    "Rarity": 7,
    "ItemType": 9,
    "AbilityScores": 8,
    "AbilityType": 4
  },
  {
    "ID": 114,
    "Name": "松林図屏風",
    "Kana": "ｼｮｳﾘﾝｽﾞﾋﾞｮｳﾌﾞ",
    "Image": 49,
    "Price": 8700,
    "Rarity": 6,
    "ItemType": 9,
    "AbilityScores": 5,
    "AbilityType": 4
  },
  {
    "ID": 115,
    "Name": "唐獅子図屏風",
    "Kana": "ｶﾗｼﾞｼｽﾞﾋﾞｮｳﾌﾞ",
    "Image": 49,
    "Price": 9950,
    "Rarity": 6,
    "ItemType": 9,
    "AbilityScores": 5,
    "AbilityType": 4
  },
  {
    "ID": 116,
    "Name": "智積院楓図",
    "Kana": "ﾁｼｬｸｲﾝｶｴﾃﾞｽﾞ",
    "Image": 49,
    "Price": 5000,
    "Rarity": 5,
    "ItemType": 9,
    "AbilityScores": 2,
    "AbilityType": 4
  },
  {
    "ID": 117,
    "Name": "檜図屏風",
    "Kana": "ﾋﾉｷｽﾞﾋﾞｮｳﾌﾞ",
    "Image": 49,
    "Price": 3950,
    "Rarity": 5,
    "ItemType": 9,
    "AbilityScores": 1,
    "AbilityType": 4
  },
  {
    "ID": 118,
    "Name": "観楓図屏風",
    "Kana": "ｶﾝﾌﾟｳｽﾞﾋﾞｮｳﾌﾞ",
    "Image": 49,
    "Price": 500,
    "Rarity": 4,
    "ItemType": 9,
    "AbilityScores": 0,
    "AbilityType": 4
  },
  {
    "ID": 119,
    "Name": "花下遊楽図",
    "Kana": "ｶｶﾕｳﾗｸｽﾞ",
    "Image": 49,
    "Price": 550,
    "Rarity": 4,
    "ItemType": 9,
    "AbilityScores": 0,
    "AbilityType": 4
  },
  {
    "ID": 120,
    "Name": "白菊図屏風",
    "Kana": "ﾊｸｷｸｽﾞﾋﾞｮｳﾌﾞ",
    "Image": 49,
    "Price": 200,
    "Rarity": 3,
    "ItemType": 9,
    "AbilityScores": 0,
    "AbilityType": 4
  },
  {
    "ID": 121,
    "Name": "源氏物語図",
    "Kana": "ｹﾞﾝｼﾞﾓﾉｶﾞﾀﾘｽﾞ",
    "Image": 49,
    "Price": 250,
    "Rarity": 3,
    "ItemType": 9,
    "AbilityScores": 0,
    "AbilityType": 4
  },
  {
    "ID": 122,
    "Name": "落書き図屏風",
    "Kana": "ﾗｸｶﾞｷｽﾞﾋﾞｮｳﾌﾞ",
    "Image": 49,
    "Price": 30,
    "Rarity": 0,
    "ItemType": 9,
    "AbilityScores": 0,
    "AbilityType": 4
  },
  {
    "ID": 123,
    "Name": "図書",
    "Kana": "ﾄｼｮ",
    "Image": 96,
    "Price": 6000,
    "Rarity": 6,
    "ItemType": 25,
    "AbilityScores": 5,
    "AbilityType": 2
  },
  {
    "ID": 124,
    "Name": "文引",
    "Kana": "ﾌﾞﾝｲﾝ",
    "Image": 96,
    "Price": 5800,
    "Rarity": 6,
    "ItemType": 25,
    "AbilityScores": 5,
    "AbilityType": 2
  },
  {
    "ID": 125,
    "Name": "国王図書",
    "Kana": "ｺｸｵｳﾄｼｮ",
    "Image": 96,
    "Price": 5500,
    "Rarity": 6,
    "ItemType": 25,
    "AbilityScores": 5,
    "AbilityType": 2
  },
  {
    "ID": 126,
    "Name": "日本国王印",
    "Kana": "ﾆﾎﾝｺｸｵｳｲﾝ",
    "Image": 96,
    "Price": 5450,
    "Rarity": 6,
    "ItemType": 25,
    "AbilityScores": 5,
    "AbilityType": 2
  },
  {
    "ID": 127,
    "Name": "日字勘合",
    "Kana": "ﾆﾁｼﾞｶﾝｺﾞｳ",
    "Image": 99,
    "Price": 5300,
    "Rarity": 6,
    "ItemType": 25,
    "AbilityScores": 5,
    "AbilityType": 2
  },
  {
    "ID": 128,
    "Name": "本字勘合",
    "Kana": "ﾎﾝｼﾞｶﾝｺﾞｳ",
    "Image": 99,
    "Price": 5200,
    "Rarity": 6,
    "ItemType": 25,
    "AbilityScores": 5,
    "AbilityType": 2
  },
  {
    "ID": 129,
    "Name": "渡航朱印状",
    "Kana": "ﾄｺｳｼｭｲﾝｼﾞｮｳ",
    "Image": 96,
    "Price": 5000,
    "Rarity": 6,
    "ItemType": 25,
    "AbilityScores": 5,
    "AbilityType": 2
  },
  {
    "ID": 130,
    "Name": "交易朱印状",
    "Kana": "ｺｳｴｷｼｭｲﾝｼﾞｮｳ",
    "Image": 96,
    "Price": 5000,
    "Rarity": 6,
    "ItemType": 25,
    "AbilityScores": 5,
    "AbilityType": 2
  },
  {
    "ID": 131,
    "Name": "貿易朱印状",
    "Kana": "ﾎﾞｳｴｷｼｭｲﾝｼﾞｮｳ",
    "Image": 96,
    "Price": 5000,
    "Rarity": 6,
    "ItemType": 25,
    "AbilityScores": 5,
    "AbilityType": 2
  },
  {
    "ID": 132,
    "Name": "宝冠",
    "Kana": "ﾎｳｶﾝ",
    "Image": 83,
    "Price": 16000,
    "Rarity": 7,
    "ItemType": 24,
    "AbilityScores": 10,
    "AbilityType": 2
  },
  {
    "ID": 133,
    "Name": "蘭奢待",
    "Kana": "ﾗﾝｼﾞｬﾀｲ",
    "Image": 98,
    "Price": 45000,
    "Rarity": 7,
    "ItemType": 24,
    "AbilityScores": 20,
    "AbilityType": 4
  },
  {
    "ID": 134,
    "Name": "ダイヤモンド",
    "Kana": "ﾀﾞｲﾔﾓﾝﾄﾞ",
    "Image": 84,
    "Price": 9800,
    "Rarity": 6,
    "ItemType": 24,
    "AbilityScores": 5,
    "AbilityType": 4
  },
  {
    "ID": 135,
    "Name": "ルビーの指輪",
    "Kana": "ﾙﾋﾞｰﾉﾕﾋﾞﾜ",
    "Image": 85,
    "Price": 3600,
    "Rarity": 5,
    "ItemType": 24,
    "AbilityScores": 1,
    "AbilityType": 4
  },
  {
    "ID": 136,
    "Name": "翡翠の首飾り",
    "Kana": "ﾋｽｲﾉｸﾋﾞｶｻﾞﾘ",
    "Image": 61,
    "Price": 1900,
    "Rarity": 5,
    "ItemType": 24,
    "AbilityScores": 1,
    "AbilityType": 4
  },
  {
    "ID": 137,
    "Name": "金塊",
    "Kana": "ｷﾝｶｲ",
    "Image": 86,
    "Price": 400,
    "Rarity": 4,
    "ItemType": 24,
    "AbilityScores": 0,
    "AbilityType": 2
  },
  {
    "ID": 138,
    "Name": "大真珠",
    "Kana": "ﾀﾞｲｼﾝｼﾞｭ",
    "Image": 89,
    "Price": 350,
    "Rarity": 4,
    "ItemType": 24,
    "AbilityScores": 0,
    "AbilityType": 2
  },
  {
    "ID": 139,
    "Name": "鼈甲細工",
    "Kana": "ﾍﾞｯｺｳｻﾞｲｸ",
    "Image": 90,
    "Price": 350,
    "Rarity": 4,
    "ItemType": 24,
    "AbilityScores": 0,
    "AbilityType": 2
  },
  {
    "ID": 140,
    "Name": "佐渡金",
    "Kana": "ｻﾄﾞｷﾝ",
    "Image": 86,
    "Price": 200,
    "Rarity": 3,
    "ItemType": 24,
    "AbilityScores": 0,
    "AbilityType": 2
  },
  {
    "ID": 141,
    "Name": "石見銀",
    "Kana": "ｲﾜﾐｷﾞﾝ",
    "Image": 88,
    "Price": 100,
    "Rarity": 2,
    "ItemType": 24,
    "AbilityScores": 0,
    "AbilityType": 2
  },
  {
    "ID": 142,
    "Name": "小粒金",
    "Kana": "ｺﾂﾌﾞｷﾝ",
    "Image": 87,
    "Price": 50,
    "Rarity": 1,
    "ItemType": 24,
    "AbilityScores": 0,
    "AbilityType": 2
  },
  {
    "ID": 143,
    "Name": "古事記",
    "Kana": "ｺｼﾞｷ",
    "Image": 53,
    "Price": 6000,
    "Rarity": 7,
    "ItemType": 19,
    "AbilityScores": 10,
    "AbilityType": 2
  },
  {
    "ID": 144,
    "Name": "日本書紀",
    "Kana": "ﾆﾎﾝｼｮｷ",
    "Image": 51,
    "Price": 7700,
    "Rarity": 7,
    "ItemType": 19,
    "AbilityScores": 11,
    "AbilityType": 2
  },
  {
    "ID": 145,
    "Name": "源氏物語",
    "Kana": "ｹﾞﾝｼﾞﾓﾉｶﾞﾀﾘ",
    "Image": 50,
    "Price": 5500,
    "Rarity": 6,
    "ItemType": 19,
    "AbilityScores": 5,
    "AbilityType": 4
  },
  {
    "ID": 146,
    "Name": "枕草子",
    "Kana": "ﾏｸﾗﾉｿｳｼ",
    "Image": 51,
    "Price": 5000,
    "Rarity": 6,
    "ItemType": 19,
    "AbilityScores": 5,
    "AbilityType": 4
  },
  {
    "ID": 147,
    "Name": "啓迪集",
    "Kana": "ｹｲﾃｷｼｭｳ",
    "Image": 53,
    "Price": 4900,
    "Rarity": 6,
    "ItemType": 19,
    "AbilityScores": 5,
    "AbilityType": 3
  },
  {
    "ID": 148,
    "Name": "幻庵おほへ書",
    "Kana": "ｹﾞﾝｱﾝｵﾎﾞｴｶﾞｷ",
    "Image": 51,
    "Price": 5100,
    "Rarity": 6,
    "ItemType": 19,
    "AbilityScores": 5,
    "AbilityType": 3
  },
  {
    "ID": 149,
    "Name": "古今和歌集",
    "Kana": "ｺｷﾝﾜｶｼｭｳ",
    "Image": 50,
    "Price": 4200,
    "Rarity": 5,
    "ItemType": 19,
    "AbilityScores": 2,
    "AbilityType": 3
  },
  {
    "ID": 150,
    "Name": "万葉集",
    "Kana": "ﾏﾝﾖｳｼｭｳ",
    "Image": 51,
    "Price": 2850,
    "Rarity": 5,
    "ItemType": 19,
    "AbilityScores": 1,
    "AbilityType": 3
  },
  {
    "ID": 151,
    "Name": "方丈記",
    "Kana": "ﾎｳｼﾞｮｳｷ",
    "Image": 50,
    "Price": 550,
    "Rarity": 4,
    "ItemType": 19,
    "AbilityScores": 0,
    "AbilityType": 2
  },
  {
    "ID": 152,
    "Name": "徒然草",
    "Kana": "ﾂﾚﾂﾞﾚｸﾞｻ",
    "Image": 51,
    "Price": 550,
    "Rarity": 4,
    "ItemType": 19,
    "AbilityScores": 0,
    "AbilityType": 2
  },
  {
    "ID": 153,
    "Name": "伊勢物語",
    "Kana": "ｲｾﾓﾉｶﾞﾀﾘ",
    "Image": 50,
    "Price": 250,
    "Rarity": 3,
    "ItemType": 19,
    "AbilityScores": 0,
    "AbilityType": 2
  },
  {
    "ID": 154,
    "Name": "竹取物語",
    "Kana": "ﾀｹﾄﾘﾓﾉｶﾞﾀﾘ",
    "Image": 51,
    "Price": 200,
    "Rarity": 3,
    "ItemType": 19,
    "AbilityScores": 0,
    "AbilityType": 2
  },
  {
    "ID": 155,
    "Name": "蜻蛉日記",
    "Kana": "ｶｹﾞﾛｳﾆｯｷ",
    "Image": 50,
    "Price": 150,
    "Rarity": 2,
    "ItemType": 19,
    "AbilityScores": 0,
    "AbilityType": 2
  },
  {
    "ID": 156,
    "Name": "大鏡",
    "Kana": "ｵｵｶｶﾞﾐ",
    "Image": 51,
    "Price": 150,
    "Rarity": 2,
    "ItemType": 19,
    "AbilityScores": 0,
    "AbilityType": 2
  },
  {
    "ID": 157,
    "Name": "栄花物語",
    "Kana": "ｴｲｶﾞﾓﾉｶﾞﾀﾘ",
    "Image": 50,
    "Price": 50,
    "Rarity": 1,
    "ItemType": 19,
    "AbilityScores": 0,
    "AbilityType": 2
  },
  {
    "ID": 158,
    "Name": "節用集",
    "Kana": "ｾﾂﾖｳｼｭｳ",
    "Image": 51,
    "Price": 50,
    "Rarity": 1,
    "ItemType": 19,
    "AbilityScores": 0,
    "AbilityType": 2
  },
  {
    "ID": 159,
    "Name": "十訓抄",
    "Kana": "ｼﾞｯｷﾝｼｮｳ",
    "Image": 50,
    "Price": 50,
    "Rarity": 1,
    "ItemType": 19,
    "AbilityScores": 0,
    "AbilityType": 2
  },
  {
    "ID": 160,
    "Name": "手習い",
    "Kana": "ﾃﾅﾗｲ",
    "Image": 51,
    "Price": 10,
    "Rarity": 0,
    "ItemType": 19,
    "AbilityScores": 0,
    "AbilityType": 2
  },
  {
    "ID": 161,
    "Name": "春秋左氏伝",
    "Kana": "ｼｭﾝｼﾞｭｳｻｼﾃﾞﾝ",
    "Image": 52,
    "Price": 550,
    "Rarity": 4,
    "ItemType": 21,
    "AbilityScores": 0,
    "AbilityType": 2
  },
  {
    "ID": 162,
    "Name": "論語",
    "Kana": "ﾛﾝｺﾞ",
    "Image": 52,
    "Price": 500,
    "Rarity": 4,
    "ItemType": 21,
    "AbilityScores": 0,
    "AbilityType": 2
  },
  {
    "ID": 163,
    "Name": "尉繚子",
    "Kana": "ｳﾂﾘｮｳｼ",
    "Image": 52,
    "Price": 250,
    "Rarity": 3,
    "ItemType": 21,
    "AbilityScores": 0,
    "AbilityType": 2
  },
  {
    "ID": 164,
    "Name": "孟子",
    "Kana": "ﾓｳｼ",
    "Image": 52,
    "Price": 200,
    "Rarity": 3,
    "ItemType": 21,
    "AbilityScores": 0,
    "AbilityType": 2
  },
  {
    "ID": 165,
    "Name": "文選",
    "Kana": "ﾓﾝｾﾞﾝ",
    "Image": 52,
    "Price": 100,
    "Rarity": 2,
    "ItemType": 21,
    "AbilityScores": 0,
    "AbilityType": 2
  },
  {
    "ID": 166,
    "Name": "李衛公問対",
    "Kana": "ﾘｴｲｺｳﾓﾝﾀｲ",
    "Image": 52,
    "Price": 150,
    "Rarity": 2,
    "ItemType": 21,
    "AbilityScores": 0,
    "AbilityType": 2
  },
  {
    "ID": 167,
    "Name": "大学",
    "Kana": "ﾀﾞｲｶﾞｸ",
    "Image": 52,
    "Price": 150,
    "Rarity": 2,
    "ItemType": 21,
    "AbilityScores": 0,
    "AbilityType": 2
  },
  {
    "ID": 168,
    "Name": "鬼谷子",
    "Kana": "ｷｺｸｼ",
    "Image": 52,
    "Price": 150,
    "Rarity": 2,
    "ItemType": 21,
    "AbilityScores": 0,
    "AbilityType": 2
  },
  {
    "ID": 169,
    "Name": "中庸",
    "Kana": "ﾁｭｳﾖｳ",
    "Image": 52,
    "Price": 50,
    "Rarity": 1,
    "ItemType": 21,
    "AbilityScores": 0,
    "AbilityType": 2
  },
  {
    "ID": 170,
    "Name": "史記",
    "Kana": "ｼｷ",
    "Image": 53,
    "Price": 7600,
    "Rarity": 7,
    "ItemType": 18,
    "AbilityScores": 10,
    "AbilityType": 3
  },
  {
    "ID": 171,
    "Name": "五輪書",
    "Kana": "ｺﾞﾘﾝﾉｼｮ",
    "Image": 53,
    "Price": 6000,
    "Rarity": 6,
    "ItemType": 18,
    "AbilityScores": 5,
    "AbilityType": 1
  },
  {
    "ID": 172,
    "Name": "太平記",
    "Kana": "ﾀｲﾍｲｷ",
    "Image": 53,
    "Price": 250,
    "Rarity": 3,
    "ItemType": 18,
    "AbilityScores": 0,
    "AbilityType": 0
  },
  {
    "ID": 173,
    "Name": "平家物語",
    "Kana": "ﾍｲｹﾓﾉｶﾞﾀﾘ",
    "Image": 50,
    "Price": 200,
    "Rarity": 3,
    "ItemType": 18,
    "AbilityScores": 0,
    "AbilityType": 0
  },
  {
    "ID": 174,
    "Name": "錆びた銃",
    "Kana": "ｻﾋﾞﾀｼﾞｭｳ",
    "Image": 16,
    "Price": 10,
    "Rarity": 0,
    "ItemType": 4,
    "AbilityScores": 0,
    "AbilityType": 0
  },
  {
    "ID": 175,
    "Name": "資治通鑑",
    "Kana": "ｼｼﾞﾂｶﾞﾝ",
    "Image": 51,
    "Price": 100,
    "Rarity": 2,
    "ItemType": 21,
    "AbilityScores": 0,
    "AbilityType": 0
  },
  {
    "ID": 176,
    "Name": "愚管抄",
    "Kana": "ｸﾞｶﾝｼｮｳ",
    "Image": 50,
    "Price": 50,
    "Rarity": 1,
    "ItemType": 19,
    "AbilityScores": 0,
    "AbilityType": 0
  },
  {
    "ID": 177,
    "Name": "朝倉宗滴話記",
    "Kana": "ｱｻｸﾗｿｳﾃｷﾜｷ",
    "Image": 51,
    "Price": 5500,
    "Rarity": 6,
    "ItemType": 20,
    "AbilityScores": 5,
    "AbilityType": 3
  },
  {
    "ID": 178,
    "Name": "三島船戦要法",
    "Kana": "ｻﾝﾄｳｾﾝｾﾝﾖｳﾎｳ",
    "Image": 50,
    "Price": 5000,
    "Rarity": 6,
    "ItemType": 20,
    "AbilityScores": 5,
    "AbilityType": 0
  },
  {
    "ID": 179,
    "Name": "貞観政要",
    "Kana": "ｼﾞｮｳｶﾞﾝｾｲﾖｳ",
    "Image": 51,
    "Price": 1300,
    "Rarity": 4,
    "ItemType": 20,
    "AbilityScores": 0,
    "AbilityType": 2
  },
  {
    "ID": 180,
    "Name": "善隣国宝記",
    "Kana": "ｾﾞﾝﾘﾝｺｸﾎｳｷ",
    "Image": 50,
    "Price": 1200,
    "Rarity": 4,
    "ItemType": 20,
    "AbilityScores": 0,
    "AbilityType": 3
  },
  {
    "ID": 181,
    "Name": "廻船式目",
    "Kana": "ｶｲｾﾝｼｷﾓｸ",
    "Image": 51,
    "Price": 500,
    "Rarity": 4,
    "ItemType": 20,
    "AbilityScores": 0,
    "AbilityType": 3
  },
  {
    "ID": 182,
    "Name": "吾妻鏡",
    "Kana": "ｱﾂﾞﾏｶｶﾞﾐ",
    "Image": 50,
    "Price": 200,
    "Rarity": 3,
    "ItemType": 20,
    "AbilityScores": 0,
    "AbilityType": 3
  },
  {
    "ID": 183,
    "Name": "懐風藻",
    "Kana": "ｶｲﾌｳｿｳ",
    "Image": 51,
    "Price": 500,
    "Rarity": 4,
    "ItemType": 22,
    "AbilityScores": 0,
    "AbilityType": 3
  },
  {
    "ID": 184,
    "Name": "伊曽保物語",
    "Kana": "ｲｿﾎﾓﾉｶﾞﾀﾘ",
    "Image": 50,
    "Price": 250,
    "Rarity": 3,
    "ItemType": 22,
    "AbilityScores": 0,
    "AbilityType": 3
  },
  {
    "ID": 185,
    "Name": "和漢朗詠集",
    "Kana": "ﾜｶﾝﾛｳｴｲｼｭｳ",
    "Image": 51,
    "Price": 100,
    "Rarity": 2,
    "ItemType": 22,
    "AbilityScores": 0,
    "AbilityType": 3
  },
  {
    "ID": 186,
    "Name": "孫子の秘奥義",
    "Kana": "ｿﾝｼﾉﾋｵｳｷﾞ",
    "Image": 50,
    "Price": 10100,
    "Rarity": 7,
    "ItemType": 17,
    "AbilityScores": 12,
    "AbilityType": 0
  },
  {
    "ID": 187,
    "Name": "呉子の秘奥義",
    "Kana": "ｺﾞｼﾉﾋｵｳｷﾞ",
    "Image": 51,
    "Price": 9900,
    "Rarity": 7,
    "ItemType": 17,
    "AbilityScores": 10,
    "AbilityType": 3
  },
  {
    "ID": 188,
    "Name": "孫子",
    "Kana": "ｿﾝｼ",
    "Image": 50,
    "Price": 6500,
    "Rarity": 6,
    "ItemType": 17,
    "AbilityScores": 6,
    "AbilityType": 0
  },
  {
    "ID": 189,
    "Name": "呉子",
    "Kana": "ｺﾞｼ",
    "Image": 51,
    "Price": 4000,
    "Rarity": 5,
    "ItemType": 17,
    "AbilityScores": 5,
    "AbilityType": 3
  },
  {
    "ID": 190,
    "Name": "竹手裏剣",
    "Kana": "ﾀｹｼｭﾘｹﾝ",
    "Image": 12,
    "Price": 10,
    "Rarity": 0,
    "ItemType": 2,
    "AbilityScores": 0,
    "AbilityType": 1
  },
  {
    "ID": 191,
    "Name": "三略",
    "Kana": "ｻﾝﾘｬｸ",
    "Image": 53,
    "Price": 200,
    "Rarity": 3,
    "ItemType": 17,
    "AbilityScores": 0,
    "AbilityType": 0
  },
  {
    "ID": 192,
    "Name": "六韜",
    "Kana": "ﾘｸﾄｳ",
    "Image": 53,
    "Price": 200,
    "Rarity": 3,
    "ItemType": 17,
    "AbilityScores": 0,
    "AbilityType": 0
  },
  {
    "ID": 193,
    "Name": "孟徳新書",
    "Kana": "ﾓｳﾄｸｼﾝｼｮ",
    "Image": 50,
    "Price": 250,
    "Rarity": 3,
    "ItemType": 17,
    "AbilityScores": 0,
    "AbilityType": 0
  },
  {
    "ID": 194,
    "Name": "戦国策",
    "Kana": "ｾﾝｺﾞｸｻｸ",
    "Image": 51,
    "Price": 100,
    "Rarity": 2,
    "ItemType": 17,
    "AbilityScores": 0,
    "AbilityType": 0
  },
  {
    "ID": 195,
    "Name": "司馬法",
    "Kana": "ｼﾊﾞﾎｳ",
    "Image": 50,
    "Price": 150,
    "Rarity": 2,
    "ItemType": 17,
    "AbilityScores": 0,
    "AbilityType": 0
  },
  {
    "ID": 196,
    "Name": "韓非子",
    "Kana": "ｶﾝﾋﾟｼ",
    "Image": 51,
    "Price": 50,
    "Rarity": 1,
    "ItemType": 17,
    "AbilityScores": 0,
    "AbilityType": 0
  },
  {
    "ID": 197,
    "Name": "泪",
    "Kana": "ﾅﾐﾀﾞ",
    "Image": 47,
    "Price": 6000,
    "Rarity": 6,
    "ItemType": 14,
    "AbilityScores": 5,
    "AbilityType": 4
  },
  {
    "ID": 198,
    "Name": "向獅子",
    "Kana": "ﾑｶｲｼﾞｼ",
    "Image": 46,
    "Price": 4000,
    "Rarity": 5,
    "ItemType": 16,
    "AbilityScores": 1,
    "AbilityType": 4
  },
  {
    "ID": 199,
    "Name": "千鳥の香炉",
    "Kana": "ﾁﾄﾞﾘﾉｺｳﾛ",
    "Image": 46,
    "Price": 18000,
    "Rarity": 7,
    "ItemType": 16,
    "AbilityScores": 10,
    "AbilityType": 4
  },
  {
    "ID": 200,
    "Name": "弱法師",
    "Kana": "ﾖﾛﾎﾞｼ",
    "Image": 47,
    "Price": 3800,
    "Rarity": 5,
    "ItemType": 14,
    "AbilityScores": 2,
    "AbilityType": 4
  },
  {
    "ID": 201,
    "Name": "黄瀬戸花入",
    "Kana": "ｷｾﾄﾊﾅｲﾚ",
    "Image": 45,
    "Price": 150,
    "Rarity": 2,
    "ItemType": 15,
    "AbilityScores": 0,
    "AbilityType": 4
  },
  {
    "ID": 202,
    "Name": "青磁花入",
    "Kana": "ｾｲｼﾞﾊﾅｲﾚ",
    "Image": 45,
    "Price": 60,
    "Rarity": 1,
    "ItemType": 15,
    "AbilityScores": 0,
    "AbilityType": 4
  },
  {
    "ID": 203,
    "Name": "耳かき",
    "Kana": "ﾐﾐｶｷ",
    "Image": 47,
    "Price": 10,
    "Rarity": 0,
    "ItemType": 14,
    "AbilityScores": 0,
    "AbilityType": 4
  },
  {
    "ID": 204,
    "Name": "古天明平蜘蛛",
    "Kana": "ｺﾃﾝﾐｮｳﾋﾗｸﾞﾓ",
    "Image": 40,
    "Price": 20000,
    "Rarity": 7,
    "ItemType": 11,
    "AbilityScores": 14,
    "AbilityType": 4
  },
  {
    "ID": 205,
    "Name": "乙御前の釜",
    "Kana": "ｵﾄｺﾞｾﾞﾉｶﾏ",
    "Image": 39,
    "Price": 9800,
    "Rarity": 6,
    "ItemType": 11,
    "AbilityScores": 6,
    "AbilityType": 4
  },
  {
    "ID": 206,
    "Name": "霰釜",
    "Kana": "ｶｽﾐｶﾞﾏ",
    "Image": 39,
    "Price": 400,
    "Rarity": 3,
    "ItemType": 11,
    "AbilityScores": 0,
    "AbilityType": 4
  },
  {
    "ID": 207,
    "Name": "宋胡録",
    "Kana": "ｽﾝｺﾛｸ",
    "Image": 36,
    "Price": 200,
    "Rarity": 3,
    "ItemType": 10,
    "AbilityScores": 0,
    "AbilityType": 4
  },
  {
    "ID": 208,
    "Name": "芦屋釜",
    "Kana": "ｱｼﾔｶﾞﾏ",
    "Image": 39,
    "Price": 200,
    "Rarity": 2,
    "ItemType": 11,
    "AbilityScores": 0,
    "AbilityType": 4
  },
  {
    "ID": 209,
    "Name": "天明釜",
    "Kana": "ﾃﾝﾐｮｳｶﾞﾏ",
    "Image": 40,
    "Price": 150,
    "Rarity": 2,
    "ItemType": 11,
    "AbilityScores": 0,
    "AbilityType": 4
  },
  {
    "ID": 210,
    "Name": "九十九髪茄子",
    "Kana": "ﾂｸﾓｶﾞﾐﾅｽﾋﾞ",
    "Image": 36,
    "Price": 25000,
    "Rarity": 7,
    "ItemType": 10,
    "AbilityScores": 13,
    "AbilityType": 4
  },
  {
    "ID": 211,
    "Name": "松嶋の壺",
    "Kana": "ﾏﾂｼﾏﾉﾂﾎﾞ",
    "Image": 37,
    "Price": 19000,
    "Rarity": 7,
    "ItemType": 13,
    "AbilityScores": 12,
    "AbilityType": 4
  },
  {
    "ID": 212,
    "Name": "珠光小茄子",
    "Kana": "ｼﾞｭｺｳｺﾅｽﾋﾞ",
    "Image": 36,
    "Price": 6350,
    "Rarity": 6,
    "ItemType": 10,
    "AbilityScores": 6,
    "AbilityType": 4
  },
  {
    "ID": 213,
    "Name": "三日月茶壺",
    "Kana": "ﾐｶﾂﾞｷﾁｬﾂﾎﾞ",
    "Image": 38,
    "Price": 6250,
    "Rarity": 6,
    "ItemType": 13,
    "AbilityScores": 6,
    "AbilityType": 4
  },
  {
    "ID": 214,
    "Name": "初花肩衝",
    "Kana": "ﾊﾂﾊﾅｶﾀﾂｷ",
    "Image": 35,
    "Price": 6600,
    "Rarity": 6,
    "ItemType": 10,
    "AbilityScores": 5,
    "AbilityType": 4
  },
  {
    "ID": 215,
    "Name": "楢柴肩衝",
    "Kana": "ﾅﾗｼﾊﾞｶﾀﾂｷ",
    "Image": 36,
    "Price": 9600,
    "Rarity": 6,
    "ItemType": 10,
    "AbilityScores": 5,
    "AbilityType": 4
  },
  {
    "ID": 216,
    "Name": "新田肩衝",
    "Kana": "ﾆｯﾀｶﾀﾂｷ",
    "Image": 35,
    "Price": 9200,
    "Rarity": 6,
    "ItemType": 10,
    "AbilityScores": 5,
    "AbilityType": 4
  },
  {
    "ID": 217,
    "Name": "紹鴎茄子",
    "Kana": "ｼﾞｮｳｵｳﾅｽﾋﾞ",
    "Image": 36,
    "Price": 3700,
    "Rarity": 5,
    "ItemType": 10,
    "AbilityScores": 2,
    "AbilityType": 4
  },
  {
    "ID": 218,
    "Name": "山井肩衝",
    "Kana": "ﾔﾏﾉｲｶﾀﾂｷ",
    "Image": 35,
    "Price": 2150,
    "Rarity": 5,
    "ItemType": 10,
    "AbilityScores": 2,
    "AbilityType": 4
  },
  {
    "ID": 219,
    "Name": "朝倉文琳",
    "Kana": "ｱｻｸﾗﾌﾞﾝﾘﾝ",
    "Image": 36,
    "Price": 2800,
    "Rarity": 5,
    "ItemType": 10,
    "AbilityScores": 2,
    "AbilityType": 4
  },
  {
    "ID": 220,
    "Name": "宗悟茄子",
    "Kana": "ｿｳｺﾞﾅｽﾋﾞ",
    "Image": 35,
    "Price": 2500,
    "Rarity": 5,
    "ItemType": 10,
    "AbilityScores": 1,
    "AbilityType": 4
  },
  {
    "ID": 221,
    "Name": "橋立",
    "Kana": "ﾊｼﾀﾞﾃ",
    "Image": 38,
    "Price": 2900,
    "Rarity": 5,
    "ItemType": 13,
    "AbilityScores": 1,
    "AbilityType": 4
  },
  {
    "ID": 222,
    "Name": "北野茄子",
    "Kana": "ｷﾀﾉﾅｽﾋﾞ",
    "Image": 35,
    "Price": 3650,
    "Rarity": 5,
    "ItemType": 10,
    "AbilityScores": 1,
    "AbilityType": 4
  },
  {
    "ID": 223,
    "Name": "富士茄子",
    "Kana": "ﾌｼﾞﾅｽﾋﾞ",
    "Image": 36,
    "Price": 4000,
    "Rarity": 5,
    "ItemType": 10,
    "AbilityScores": 1,
    "AbilityType": 4
  },
  {
    "ID": 224,
    "Name": "打曇大海",
    "Kana": "ｳﾁｸﾞﾓﾘﾀｲｶｲ",
    "Image": 35,
    "Price": 3500,
    "Rarity": 5,
    "ItemType": 10,
    "AbilityScores": 1,
    "AbilityType": 4
  },
  {
    "ID": 225,
    "Name": "似たり茄子",
    "Kana": "ﾆﾀﾘﾅｽﾋﾞ",
    "Image": 36,
    "Price": 4000,
    "Rarity": 5,
    "ItemType": 10,
    "AbilityScores": 1,
    "AbilityType": 4
  },
  {
    "ID": 226,
    "Name": "橋姫",
    "Kana": "ﾊｼﾋﾒ",
    "Image": 36,
    "Price": 500,
    "Rarity": 4,
    "ItemType": 10,
    "AbilityScores": 0,
    "AbilityType": 4
  },
  {
    "ID": 227,
    "Name": "丹波茶壺",
    "Kana": "ﾀﾝﾊﾞﾁｬﾂﾎﾞ",
    "Image": 37,
    "Price": 550,
    "Rarity": 4,
    "ItemType": 13,
    "AbilityScores": 0,
    "AbilityType": 4
  },
  {
    "ID": 228,
    "Name": "交趾茶入",
    "Kana": "ｺｳｼﾁｬｲﾚ",
    "Image": 35,
    "Price": 250,
    "Rarity": 3,
    "ItemType": 10,
    "AbilityScores": 0,
    "AbilityType": 4
  },
  {
    "ID": 229,
    "Name": "祥瑞",
    "Kana": "ｼｮﾝｽﾞｲ",
    "Image": 44,
    "Price": 250,
    "Rarity": 3,
    "ItemType": 12,
    "AbilityScores": 0,
    "AbilityType": 4
  },
  {
    "ID": 230,
    "Name": "馬蝗絆",
    "Kana": "ﾊﾞｺｳﾊﾝ",
    "Image": 44,
    "Price": 18000,
    "Rarity": 7,
    "ItemType": 12,
    "AbilityScores": 15,
    "AbilityType": 4
  },
  {
    "ID": 231,
    "Name": "松本茶碗",
    "Kana": "ﾏﾂﾓﾄﾁﾞｬﾜﾝ",
    "Image": 44,
    "Price": 6100,
    "Rarity": 6,
    "ItemType": 12,
    "AbilityScores": 5,
    "AbilityType": 4
  },
  {
    "ID": 232,
    "Name": "不二山",
    "Kana": "ﾌｼﾞﾔﾏ",
    "Image": 42,
    "Price": 8800,
    "Rarity": 6,
    "ItemType": 12,
    "AbilityScores": 5,
    "AbilityType": 4
  },
  {
    "ID": 233,
    "Name": "七里",
    "Kana": "ｼﾁﾘ",
    "Image": 42,
    "Price": 2900,
    "Rarity": 5,
    "ItemType": 12,
    "AbilityScores": 2,
    "AbilityType": 4
  },
  {
    "ID": 234,
    "Name": "星建盞天目",
    "Kana": "ﾎｼｹﾝｻﾝﾃﾝﾓｸ",
    "Image": 43,
    "Price": 4100,
    "Rarity": 5,
    "ItemType": 12,
    "AbilityScores": 2,
    "AbilityType": 4
  },
  {
    "ID": 235,
    "Name": "早船",
    "Kana": "ﾊﾔﾌﾞﾈ",
    "Image": 41,
    "Price": 2300,
    "Rarity": 5,
    "ItemType": 12,
    "AbilityScores": 2,
    "AbilityType": 4
  },
  {
    "ID": 236,
    "Name": "筒井筒",
    "Kana": "ﾂﾂｲﾂﾞﾂ",
    "Image": 42,
    "Price": 2600,
    "Rarity": 5,
    "ItemType": 12,
    "AbilityScores": 1,
    "AbilityType": 4
  },
  {
    "ID": 237,
    "Name": "青井戸柴田",
    "Kana": "ｱｵｲﾄﾞｼﾊﾞﾀ",
    "Image": 44,
    "Price": 2750,
    "Rarity": 5,
    "ItemType": 12,
    "AbilityScores": 1,
    "AbilityType": 4
  },
  {
    "ID": 238,
    "Name": "黒楽鉢開",
    "Kana": "ｸﾛﾗｸﾊﾁﾋﾞﾗｷ",
    "Image": 42,
    "Price": 2800,
    "Rarity": 5,
    "ItemType": 12,
    "AbilityScores": 1,
    "AbilityType": 4
  },
  {
    "ID": 239,
    "Name": "曜変稲葉天目",
    "Kana": "ﾖｳﾍﾝｲﾅﾊﾞﾃﾝﾓｸ",
    "Image": 42,
    "Price": 3900,
    "Rarity": 5,
    "ItemType": 12,
    "AbilityScores": 1,
    "AbilityType": 4
  },
  {
    "ID": 240,
    "Name": "朝鮮唐津",
    "Kana": "ﾁｮｳｾﾝｶﾗﾂ",
    "Image": 43,
    "Price": 550,
    "Rarity": 4,
    "ItemType": 12,
    "AbilityScores": 0,
    "AbilityType": 4
  },
  {
    "ID": 241,
    "Name": "高麗茶碗",
    "Kana": "ｺｳﾗｲﾁｬﾜﾝ",
    "Image": 44,
    "Price": 500,
    "Rarity": 4,
    "ItemType": 12,
    "AbilityScores": 0,
    "AbilityType": 4
  },
  {
    "ID": 242,
    "Name": "大井戸加賀",
    "Kana": "ｵｵｲﾄﾞｶｶﾞ",
    "Image": 42,
    "Price": 500,
    "Rarity": 4,
    "ItemType": 12,
    "AbilityScores": 0,
    "AbilityType": 4
  },
  {
    "ID": 243,
    "Name": "白天目茶碗",
    "Kana": "ｼﾛﾃﾝﾓｸﾁｬﾜﾝ",
    "Image": 43,
    "Price": 200,
    "Rarity": 3,
    "ItemType": 12,
    "AbilityScores": 0,
    "AbilityType": 4
  },
  {
    "ID": 244,
    "Name": "黄瀬戸茶碗",
    "Kana": "ｷｾﾄﾁｬﾜﾝ",
    "Image": 43,
    "Price": 100,
    "Rarity": 2,
    "ItemType": 12,
    "AbilityScores": 0,
    "AbilityType": 4
  },
  {
    "ID": 245,
    "Name": "黒楽茶碗",
    "Kana": "ｸﾛﾗｸﾁｬﾜﾝ",
    "Image": 42,
    "Price": 50,
    "Rarity": 1,
    "ItemType": 12,
    "AbilityScores": 0,
    "AbilityType": 4
  },
  {
    "ID": 246,
    "Name": "赤楽茶碗",
    "Kana": "ｱｶﾗｸﾁｬﾜﾝ",
    "Image": 41,
    "Price": 50,
    "Rarity": 1,
    "ItemType": 12,
    "AbilityScores": 0,
    "AbilityType": 4
  },
  {
    "ID": 247,
    "Name": "古い丼",
    "Kana": "ﾌﾙｲﾄﾞﾝﾌﾞﾘ",
    "Image": 41,
    "Price": 10,
    "Rarity": 0,
    "ItemType": 12,
    "AbilityScores": 0,
    "AbilityType": 4
  },
  {
    "ID": 248,
    "Name": "世界図屏風",
    "Kana": "ｾｶｲｽﾞﾋﾞｮｳﾌﾞ",
    "Image": 62,
    "Price": 18000,
    "Rarity": 7,
    "ItemType": 23,
    "AbilityScores": 9,
    "AbilityType": 2
  },
  {
    "ID": 249,
    "Name": "自鳴鐘",
    "Kana": "ｼﾞﾒｲｼｮｳ",
    "Image": 64,
    "Price": 22000,
    "Rarity": 7,
    "ItemType": 23,
    "AbilityScores": 10,
    "AbilityType": 2
  },
  {
    "ID": 250,
    "Name": "金時計",
    "Kana": "ｷﾝﾄﾞｹｲ",
    "Image": 65,
    "Price": 17000,
    "Rarity": 7,
    "ItemType": 23,
    "AbilityScores": 9,
    "AbilityType": 2
  },
  {
    "ID": 251,
    "Name": "ビードロ壺",
    "Kana": "ﾋﾞｰﾄﾞﾛﾂﾎﾞ",
    "Image": 63,
    "Price": 21000,
    "Rarity": 7,
    "ItemType": 23,
    "AbilityScores": 10,
    "AbilityType": 2
  },
  {
    "ID": 252,
    "Name": "銀時計",
    "Kana": "ｷﾞﾝﾄﾞｹｲ",
    "Image": 66,
    "Price": 6500,
    "Rarity": 6,
    "ItemType": 23,
    "AbilityScores": 5,
    "AbilityType": 2
  },
  {
    "ID": 253,
    "Name": "ルソン壺",
    "Kana": "ﾙｿﾝﾂﾎﾞ",
    "Image": 63,
    "Price": 9000,
    "Rarity": 6,
    "ItemType": 23,
    "AbilityScores": 7,
    "AbilityType": 2
  },
  {
    "ID": 254,
    "Name": "ロザリオ",
    "Kana": "ﾛｻﾞﾘｵ",
    "Image": 70,
    "Price": 7800,
    "Rarity": 6,
    "ItemType": 23,
    "AbilityScores": 6,
    "AbilityType": 2
  },
  {
    "ID": 255,
    "Name": "望遠鏡",
    "Kana": "ﾎﾞｳｴﾝｷｮｳ",
    "Image": 68,
    "Price": 7700,
    "Rarity": 6,
    "ItemType": 23,
    "AbilityScores": 6,
    "AbilityType": 2
  },
  {
    "ID": 256,
    "Name": "宝石箱",
    "Kana": "ﾎｳｾｷﾊﾞｺ",
    "Image": 67,
    "Price": 2300,
    "Rarity": 5,
    "ItemType": 23,
    "AbilityScores": 1,
    "AbilityType": 2
  },
  {
    "ID": 257,
    "Name": "地球儀",
    "Kana": "ﾁｷｭｳｷﾞ",
    "Image": 69,
    "Price": 2500,
    "Rarity": 5,
    "ItemType": 23,
    "AbilityScores": 1,
    "AbilityType": 2
  },
  {
    "ID": 258,
    "Name": "十字架",
    "Kana": "ｼﾞｭｳｼﾞｶ",
    "Image": 70,
    "Price": 3300,
    "Rarity": 5,
    "ItemType": 23,
    "AbilityScores": 2,
    "AbilityType": 2
  },
  {
    "ID": 259,
    "Name": "天球儀",
    "Kana": "ﾃﾝｷｭｳｷﾞ",
    "Image": 69,
    "Price": 2900,
    "Rarity": 5,
    "ItemType": 23,
    "AbilityScores": 1,
    "AbilityType": 2
  },
  {
    "ID": 260,
    "Name": "オルゴール",
    "Kana": "ｵﾙｺﾞｰﾙ",
    "Image": 54,
    "Price": 900,
    "Rarity": 4,
    "ItemType": 23,
    "AbilityScores": 0,
    "AbilityType": 2
  },
  {
    "ID": 261,
    "Name": "懐中時計",
    "Kana": "ｶｲﾁｭｳﾄﾞｹｲ",
    "Image": 71,
    "Price": 1000,
    "Rarity": 4,
    "ItemType": 23,
    "AbilityScores": 0,
    "AbilityType": 2
  },
  {
    "ID": 262,
    "Name": "チェンバロ",
    "Kana": "ﾁｪﾝﾊﾞﾛ",
    "Image": 55,
    "Price": 900,
    "Rarity": 4,
    "ItemType": 23,
    "AbilityScores": 0,
    "AbilityType": 2
  },
  {
    "ID": 263,
    "Name": "聖書",
    "Kana": "ｾｲｼｮ",
    "Image": 76,
    "Price": 800,
    "Rarity": 4,
    "ItemType": 23,
    "AbilityScores": 0,
    "AbilityType": 2
  },
  {
    "ID": 264,
    "Name": "フルート",
    "Kana": "ﾌﾙｰﾄ",
    "Image": 103,
    "Price": 450,
    "Rarity": 3,
    "ItemType": 23,
    "AbilityScores": 0,
    "AbilityType": 2
  },
  {
    "ID": 265,
    "Name": "絨毯",
    "Kana": "ｼﾞｭｳﾀﾝ",
    "Image": 72,
    "Price": 550,
    "Rarity": 3,
    "ItemType": 23,
    "AbilityScores": 0,
    "AbilityType": 2
  },
  {
    "ID": 266,
    "Name": "香水",
    "Kana": "ｺｳｽｲ",
    "Image": 73,
    "Price": 550,
    "Rarity": 3,
    "ItemType": 23,
    "AbilityScores": 0,
    "AbilityType": 2
  },
  {
    "ID": 267,
    "Name": "事典",
    "Kana": "ｼﾞﾃﾝ",
    "Image": 50,
    "Price": 450,
    "Rarity": 3,
    "ItemType": 23,
    "AbilityScores": 0,
    "AbilityType": 2
  },
  {
    "ID": 268,
    "Name": "孔雀",
    "Kana": "ｸｼﾞｬｸ",
    "Image": 58,
    "Price": 550,
    "Rarity": 3,
    "ItemType": 23,
    "AbilityScores": 0,
    "AbilityType": 2
  },
  {
    "ID": 269,
    "Name": "オウム",
    "Kana": "ｵｳﾑ",
    "Image": 59,
    "Price": 500,
    "Rarity": 3,
    "ItemType": 23,
    "AbilityScores": 0,
    "AbilityType": 2
  },
  {
    "ID": 270,
    "Name": "キセル",
    "Kana": "ｷｾﾙ",
    "Image": 57,
    "Price": 500,
    "Rarity": 3,
    "ItemType": 23,
    "AbilityScores": 0,
    "AbilityType": 2
  },
  {
    "ID": 271,
    "Name": "ワイングラス",
    "Kana": "ﾜｲﾝｸﾞﾗｽ",
    "Image": 74,
    "Price": 150,
    "Rarity": 2,
    "ItemType": 23,
    "AbilityScores": 0,
    "AbilityType": 2
  },
  {
    "ID": 272,
    "Name": "葉巻",
    "Kana": "ﾊﾏｷ",
    "Image": 57,
    "Price": 200,
    "Rarity": 2,
    "ItemType": 23,
    "AbilityScores": 0,
    "AbilityType": 2
  },
  {
    "ID": 273,
    "Name": "マント",
    "Kana": "ﾏﾝﾄ",
    "Image": 56,
    "Price": 200,
    "Rarity": 2,
    "ItemType": 23,
    "AbilityScores": 0,
    "AbilityType": 2
  },
  {
    "ID": 274,
    "Name": "金平糖",
    "Kana": "ｺﾝﾍﾟｲﾄｳ",
    "Image": 78,
    "Price": 200,
    "Rarity": 2,
    "ItemType": 23,
    "AbilityScores": 0,
    "AbilityType": 2
  },
  {
    "ID": 275,
    "Name": "シャボン",
    "Kana": "ｼｬﾎﾞﾝ",
    "Image": 60,
    "Price": 150,
    "Rarity": 2,
    "ItemType": 23,
    "AbilityScores": 0,
    "AbilityType": 2
  },
  {
    "ID": 276,
    "Name": "福建茶",
    "Kana": "ﾌｯｹﾝﾁｬ",
    "Image": 77,
    "Price": 20,
    "Rarity": 1,
    "ItemType": 23,
    "AbilityScores": 0,
    "AbilityType": 2
  },
  {
    "ID": 277,
    "Name": "紅茶",
    "Kana": "ｺｳﾁｬ",
    "Image": 77,
    "Price": 20,
    "Rarity": 1,
    "ItemType": 23,
    "AbilityScores": 0,
    "AbilityType": 2
  },
  {
    "ID": 278,
    "Name": "カステラ",
    "Kana": "ｶｽﾃﾗ",
    "Image": 79,
    "Price": 20,
    "Rarity": 1,
    "ItemType": 23,
    "AbilityScores": 0,
    "AbilityType": 2
  },
  {
    "ID": 279,
    "Name": "ガラス玉",
    "Kana": "ｶﾞﾗｽﾀﾞﾏ",
    "Image": 75,
    "Price": 20,
    "Rarity": 1,
    "ItemType": 23,
    "AbilityScores": 0,
    "AbilityType": 2
  },
  {
    "ID": 280,
    "Name": "ボーロ",
    "Kana": "ﾎﾞｰﾛ",
    "Image": 80,
    "Price": 10,
    "Rarity": 0,
    "ItemType": 23,
    "AbilityScores": 0,
    "AbilityType": 2
  },
  {
    "ID": 281,
    "Name": "バター",
    "Kana": "ﾊﾞﾀｰ",
    "Image": 81,
    "Price": 10,
    "Rarity": 0,
    "ItemType": 23,
    "AbilityScores": 0,
    "AbilityType": 2
  },
  {
    "ID": 282,
    "Name": "どぶろく",
    "Kana": "ﾄﾞﾌﾞﾛｸ",
    "Image": 91,
    "Price": 10,
    "Rarity": 0,
    "ItemType": 26,
    "AbilityScores": 0,
    "AbilityType": 0
  },
  {
    "ID": 283,
    "Name": "菊酒",
    "Kana": "ｷｸｻﾞｹ",
    "Image": 92,
    "Price": 400,
    "Rarity": 4,
    "ItemType": 27,
    "AbilityScores": 0,
    "AbilityType": 0
  },
  {
    "ID": 284,
    "Name": "僧坊酒",
    "Kana": "ｿｳﾎﾞｳｼｭ",
    "Image": 92,
    "Price": 200,
    "Rarity": 3,
    "ItemType": 27,
    "AbilityScores": 0,
    "AbilityType": 0
  },
  {
    "ID": 285,
    "Name": "旨酒",
    "Kana": "ｳﾏｻﾞｹ",
    "Image": 92,
    "Price": 50,
    "Rarity": 2,
    "ItemType": 27,
    "AbilityScores": 0,
    "AbilityType": 0
  },
  {
    "ID": 286,
    "Name": "すみ酒",
    "Kana": "ｽﾐｻﾞｹ",
    "Image": 92,
    "Price": 30,
    "Rarity": 1,
    "ItemType": 27,
    "AbilityScores": 0,
    "AbilityType": 0
  },
  {
    "ID": 287,
    "Name": "珍陀酒",
    "Kana": "ﾁﾝﾀﾞｼｭ",
    "Image": 93,
    "Price": 500,
    "Rarity": 4,
    "ItemType": 28,
    "AbilityScores": 0,
    "AbilityType": 0
  },
  {
    "ID": 288,
    "Name": "無効薬",
    "Kana": "ﾑｺｳﾔｸ",
    "Image": 94,
    "Price": 5,
    "Rarity": 0,
    "ItemType": 29,
    "AbilityScores": 0,
    "AbilityType": 0
  },
  {
    "ID": 289,
    "Name": "麦酒",
    "Kana": "ﾊﾞｸｼｭ",
    "Image": 93,
    "Price": 200,
    "Rarity": 3,
    "ItemType": 28,
    "AbilityScores": 0,
    "AbilityType": 0
  },
  {
    "ID": 290,
    "Name": "利休酒",
    "Kana": "ﾘｷｭｳｼｭ",
    "Image": 93,
    "Price": 100,
    "Rarity": 2,
    "ItemType": 28,
    "AbilityScores": 0,
    "AbilityType": 0
  },
  {
    "ID": 291,
    "Name": "葡萄酒",
    "Kana": "ﾌﾞﾄﾞｳｼｭ",
    "Image": 93,
    "Price": 40,
    "Rarity": 1,
    "ItemType": 28,
    "AbilityScores": 0,
    "AbilityType": 0
  },
  {
    "ID": 292,
    "Name": "壮腎丹",
    "Kana": "ｿｳｼﾞﾝﾀﾝ",
    "Image": 95,
    "Price": 200,
    "Rarity": 3,
    "ItemType": 30,
    "AbilityScores": 0,
    "AbilityType": 0
  },
  {
    "ID": 293,
    "Name": "透頂香",
    "Kana": "ﾄｳﾁﾝｺｳ",
    "Image": 94,
    "Price": 50,
    "Rarity": 2,
    "ItemType": 30,
    "AbilityScores": 0,
    "AbilityType": 0
  },
  {
    "ID": 294,
    "Name": "特効薬",
    "Kana": "ﾄｯｺｳﾔｸ",
    "Image": 94,
    "Price": 100,
    "Rarity": 2,
    "ItemType": 29,
    "AbilityScores": 0,
    "AbilityType": 0
  },
  {
    "ID": 295,
    "Name": "風邪薬",
    "Kana": "ｶｾﾞｸﾞｽﾘ",
    "Image": 94,
    "Price": 50,
    "Rarity": 1,
    "ItemType": 29,
    "AbilityScores": 0,
    "AbilityType": 0
  },
  {
    "ID": 296,
    "Name": "反魂丹",
    "Kana": "ﾊﾝｺﾞﾝﾀﾝ",
    "Image": 95,
    "Price": 500,
    "Rarity": 4,
    "ItemType": 31,
    "AbilityScores": 0,
    "AbilityType": 0
  },
  {
    "ID": 297,
    "Name": "万金丹",
    "Kana": "ﾏﾝｷﾝﾀﾝ",
    "Image": 95,
    "Price": 300,
    "Rarity": 3,
    "ItemType": 31,
    "AbilityScores": 0,
    "AbilityType": 0
  },
  {
    "ID": 298,
    "Name": "三芳野",
    "Kana": "ﾐﾖｼﾉ",
    "Image": 98,
    "Price": 2250,
    "Rarity": 5,
    "ItemType": 24,
    "AbilityScores": 0,
    "AbilityType": 2
  },
  {
    "ID": 299,
    "Name": "分福茶釜",
    "Kana": "ﾌﾞﾝﾌﾞｸﾁｬｶﾞﾏ",
    "Image": 40,
    "Price": 6800,
    "Rarity": 5,
    "ItemType": 11,
    "AbilityScores": 8,
    "AbilityType": 4
  },
  {
    "ID": 300,
    "Name": "樵夫蒔絵硯箱",
    "Kana": "ｷｺﾘﾏｷｴｽｽﾞﾘﾊﾞｺ",
    "Image": 102,
    "Price": 4650,
    "Rarity": 5,
    "ItemType": 24,
    "AbilityScores": 1,
    "AbilityType": 2
  },
  {
    "ID": 301,
    "Name": "雪峰",
    "Kana": "ｾｯﾎﾟｳ",
    "Image": 41,
    "Price": 4200,
    "Rarity": 5,
    "ItemType": 12,
    "AbilityScores": 1,
    "AbilityType": 4
  },
  {
    "ID": 302,
    "Name": "醒酔笑",
    "Kana": "ｾｲｽｲｼｮｳ",
    "Image": 50,
    "Price": 300,
    "Rarity": 3,
    "ItemType": 22,
    "AbilityScores": 0,
    "AbilityType": 2
  },
  {
    "ID": 303,
    "Name": "飲中八仙図",
    "Kana": "ｲﾝﾁｭｳﾊｯｾﾝｽﾞ",
    "Image": 49,
    "Price": 4900,
    "Rarity": 5,
    "ItemType": 9,
    "AbilityScores": 2,
    "AbilityType": 4
  },
  {
    "ID": 304,
    "Name": "琴棋書画図",
    "Kana": "ｷﾝｷｼｮｶﾞｽﾞ",
    "Image": 49,
    "Price": 4000,
    "Rarity": 5,
    "ItemType": 9,
    "AbilityScores": 1,
    "AbilityType": 4
  },
  {
    "ID": 305,
    "Name": "雲龍図",
    "Kana": "ｳﾝﾘｭｳｽﾞ",
    "Image": 48,
    "Price": 4200,
    "Rarity": 5,
    "ItemType": 8,
    "AbilityScores": 1,
    "AbilityType": 4
  },
  {
    "ID": 306,
    "Name": "牡丹梅花屏風",
    "Kana": "ﾎﾞﾀﾝﾊﾞｲｶﾋﾞｮｳﾌﾞ",
    "Image": 49,
    "Price": 4100,
    "Rarity": 5,
    "ItemType": 9,
    "AbilityScores": 0,
    "AbilityType": 4
  },
  {
    "ID": 307,
    "Name": "網干図屏風",
    "Kana": "ｱﾎﾞｼｽﾞﾋﾞｮｳﾌﾞ",
    "Image": 49,
    "Price": 7400,
    "Rarity": 6,
    "ItemType": 9,
    "AbilityScores": 5,
    "AbilityType": 4
  },
  {
    "ID": 308,
    "Name": "竹林七賢図",
    "Kana": "ﾁｸﾘﾝｼﾁｹﾝｽﾞ",
    "Image": 49,
    "Price": 5000,
    "Rarity": 5,
    "ItemType": 9,
    "AbilityScores": 1,
    "AbilityType": 4
  },
  {
    "ID": 309,
    "Name": "浜松図屏風",
    "Kana": "ﾊﾏﾏﾂｽﾞﾋﾞｮｳﾌﾞ",
    "Image": 49,
    "Price": 7100,
    "Rarity": 6,
    "ItemType": 9,
    "AbilityScores": 5,
    "AbilityType": 4
  },
  {
    "ID": 310,
    "Name": "遊楽図屏風",
    "Kana": "ﾕｳﾗｸｽﾞﾋﾞｮｳﾌﾞ",
    "Image": 49,
    "Price": 7000,
    "Rarity": 6,
    "ItemType": 9,
    "AbilityScores": 5,
    "AbilityType": 4
  },
  {
    "ID": 311,
    "Name": "枯木猿猴図",
    "Kana": "ｺﾎﾞｸｴﾝｺｳｽﾞ",
    "Image": 49,
    "Price": 7200,
    "Rarity": 6,
    "ItemType": 9,
    "AbilityScores": 5,
    "AbilityType": 4
  },
  {
    "ID": 312,
    "Name": "許由巣父図",
    "Kana": "ｷｮﾕｳｿｳﾎｽﾞ",
    "Image": 49,
    "Price": 5300,
    "Rarity": 5,
    "ItemType": 9,
    "AbilityScores": 1,
    "AbilityType": 4
  },
  {
    "ID": 313,
    "Name": "駑馬",
    "Kana": "ﾄﾞﾊﾞ",
    "Image": 31,
    "Price": 50,
    "Rarity": 0,
    "ItemType": 7,
    "AbilityScores": 0,
    "AbilityType": 1
  },
  {
    "ID": 314,
    "Name": "樵談治要",
    "Kana": "ｼｮｳﾀﾞﾝﾁﾖｳ",
    "Image": 53,
    "Price": 250,
    "Rarity": 3,
    "ItemType": 20,
    "AbilityScores": 0,
    "AbilityType": 2
  },
  {
    "ID": 315,
    "Name": "菟玖波集",
    "Kana": "ﾂｸﾊﾞｼｭｳ",
    "Image": 51,
    "Price": 180,
    "Rarity": 2,
    "ItemType": 22,
    "AbilityScores": 0,
    "AbilityType": 2
  },
  {
    "ID": 316,
    "Name": "新撰犬筑波集",
    "Kana": "ｼﾝｾﾝｲﾇﾂｸﾊﾞｼｭｳ",
    "Image": 50,
    "Price": 90,
    "Rarity": 1,
    "ItemType": 22,
    "AbilityScores": 0,
    "AbilityType": 2
  },
  {
    "ID": 317,
    "Name": "義経記",
    "Kana": "ｷﾞｹｲｷ",
    "Image": 53,
    "Price": 350,
    "Rarity": 4,
    "ItemType": 18,
    "AbilityScores": 0,
    "AbilityType": 2
  },
  {
    "ID": 318,
    "Name": "将門記",
    "Kana": "ｼｮｳﾓﾝｷ",
    "Image": 53,
    "Price": 250,
    "Rarity": 3,
    "ItemType": 18,
    "AbilityScores": 0,
    "AbilityType": 2
  },
  {
    "ID": 319,
    "Name": "飛燕",
    "Kana": "ﾋｴﾝ",
    "Image": 13,
    "Price": 3500,
    "Rarity": 5,
    "ItemType": 2,
    "AbilityScores": 1,
    "AbilityType": 1
  },
  {
    "ID": 320,
    "Name": "隼",
    "Kana": "ﾊﾔﾌﾞｻ",
    "Image": 12,
    "Price": 3800,
    "Rarity": 5,
    "ItemType": 2,
    "AbilityScores": 2,
    "AbilityType": 1
  },
  {
    "ID": 321,
    "Name": "紫電",
    "Kana": "ｼﾃﾞﾝ",
    "Image": 13,
    "Price": 8900,
    "Rarity": 6,
    "ItemType": 2,
    "AbilityScores": 5,
    "AbilityType": 1
  },
  {
    "ID": 322,
    "Name": "天鹿児弓",
    "Kana": "ｱﾏﾉｶｺﾞﾕﾐ",
    "Image": 15,
    "Price": 9500,
    "Rarity": 6,
    "ItemType": 5,
    "AbilityScores": 5,
    "AbilityType": 1
  },
  {
    "ID": 323,
    "Name": "八幡太郎の弓",
    "Kana": "ﾊﾁﾏﾝﾀﾛｳﾉﾕﾐ",
    "Image": 15,
    "Price": 9000,
    "Rarity": 6,
    "ItemType": 5,
    "AbilityScores": 5,
    "AbilityType": 1
  },
  {
    "ID": 324,
    "Name": "楠公の弓",
    "Kana": "ﾅﾝｺｳﾉﾕﾐ",
    "Image": 14,
    "Price": 4000,
    "Rarity": 5,
    "ItemType": 5,
    "AbilityScores": 1,
    "AbilityType": 1
  },
  {
    "ID": 325,
    "Name": "夜叉の鎌",
    "Kana": "ﾔｼｬﾉｶﾏ",
    "Image": 11,
    "Price": 4600,
    "Rarity": 5,
    "ItemType": 3,
    "AbilityScores": 2,
    "AbilityType": 1
  },
  {
    "ID": 326,
    "Name": "羅刹の鎌",
    "Kana": "ﾗｾﾂﾉｶﾏ",
    "Image": 11,
    "Price": 3900,
    "Rarity": 5,
    "ItemType": 3,
    "AbilityScores": 1,
    "AbilityType": 1
  },
  {
    "ID": 327,
    "Name": "提婆達多",
    "Kana": "ﾀﾞｲﾊﾞﾀﾞｯﾀ",
    "Image": 10,
    "Price": 9000,
    "Rarity": 6,
    "ItemType": 3,
    "AbilityScores": 5,
    "AbilityType": 1
  },
  {
    "ID": 328,
    "Name": "瓶通し",
    "Kana": "ｶﾒﾄﾞｵｼ",
    "Image": 5,
    "Price": 8800,
    "Rarity": 6,
    "ItemType": 1,
    "AbilityScores": 5,
    "AbilityType": 1
  },
  {
    "ID": 329,
    "Name": "助宗",
    "Kana": "ｽｹﾑﾈ",
    "Image": 6,
    "Price": 4200,
    "Rarity": 5,
    "ItemType": 1,
    "AbilityScores": 1,
    "AbilityType": 1
  },
  {
    "ID": 330,
    "Name": "延寿国村",
    "Kana": "ｴﾝｼﾞｭｸﾆﾑﾗ",
    "Image": 5,
    "Price": 4500,
    "Rarity": 5,
    "ItemType": 1,
    "AbilityScores": 2,
    "AbilityType": 1
  },
  {
    "ID": 331,
    "Name": "一巴筒",
    "Kana": "ｲｯﾊﾟﾂﾞﾂ",
    "Image": 17,
    "Price": 4000,
    "Rarity": 5,
    "ItemType": 4,
    "AbilityScores": 1,
    "AbilityType": 1
  },
  {
    "ID": 332,
    "Name": "雷公筒",
    "Kana": "ﾗｲｺｳﾂﾞﾂ",
    "Image": 16,
    "Price": 9400,
    "Rarity": 6,
    "ItemType": 4,
    "AbilityScores": 5,
    "AbilityType": 1
  },
  {
    "ID": 333,
    "Name": "アーゴット銃",
    "Kana": "ｱｰｺﾞｯﾄｼﾞｭｳ",
    "Image": 16,
    "Price": 4800,
    "Rarity": 5,
    "ItemType": 4,
    "AbilityScores": 2,
    "AbilityType": 1
  },
  {
    "ID": 334,
    "Name": "神息",
    "Kana": "ｼﾝｿｸ",
    "Image": 101,
    "Price": 5000,
    "Rarity": 5,
    "ItemType": 0,
    "AbilityScores": 2,
    "AbilityType": 1
  },
  {
    "ID": 335,
    "Name": "千手院長吉",
    "Kana": "ｾﾝｼﾞｭｲﾝﾅｶﾞﾖｼ",
    "Image": 100,
    "Price": 4200,
    "Rarity": 5,
    "ItemType": 0,
    "AbilityScores": 1,
    "AbilityType": 1
  },
  {
    "ID": 336,
    "Name": "沢瀉威鎧",
    "Kana": "ｵﾓﾀﾞｶｵﾄﾞｼﾖﾛｲ",
    "Image": 27,
    "Price": 660,
    "Rarity": 4,
    "ItemType": 6,
    "AbilityScores": 0,
    "AbilityType": 4
  },
  {
    "ID": 337,
    "Name": "杵のをれ",
    "Kana": "ｷﾈﾉｵﾚ",
    "Image": 45,
    "Price": 4000,
    "Rarity": 5,
    "ItemType": 15,
    "AbilityScores": 1,
    "AbilityType": 4
  },
  {
    "ID": 338,
    "Name": "土鍋",
    "Kana": "ﾄﾞﾅﾍﾞ",
    "Image": 39,
    "Price": 60,
    "Rarity": 0,
    "ItemType": 11,
    "AbilityScores": 0,
    "AbilityType": 4
  },
  {
    "ID": 339,
    "Name": "酸漿文琳",
    "Kana": "ﾎｵﾂﾞｷﾌﾞﾝﾘﾝ",
    "Image": 36,
    "Price": 3400,
    "Rarity": 5,
    "ItemType": 10,
    "AbilityScores": 1,
    "AbilityType": 4
  },
  {
    "ID": 340,
    "Name": "玉垣文琳",
    "Kana": "ﾀﾏｶﾞｷﾌﾞﾝﾘﾝ",
    "Image": 35,
    "Price": 3600,
    "Rarity": 5,
    "ItemType": 10,
    "AbilityScores": 1,
    "AbilityType": 4
  },
  {
    "ID": 341,
    "Name": "捨子",
    "Kana": "ｽﾃｺﾞ",
    "Image": 37,
    "Price": 6200,
    "Rarity": 6,
    "ItemType": 13,
    "AbilityScores": 5,
    "AbilityType": 4
  },
  {
    "ID": 342,
    "Name": "東陽坊",
    "Kana": "ﾄｳﾖｳﾎﾞｳ",
    "Image": 42,
    "Price": 4100,
    "Rarity": 5,
    "ItemType": 12,
    "AbilityScores": 2,
    "AbilityType": 4
  },
  {
    "ID": 343,
    "Name": "万歳大海",
    "Kana": "ﾏﾝｾﾞｲﾀｲｶｲ",
    "Image": 36,
    "Price": 4000,
    "Rarity": 5,
    "ItemType": 10,
    "AbilityScores": 2,
    "AbilityType": 4
  },
  {
    "ID": 344,
    "Name": "袴腰",
    "Kana": "ﾊｶﾏｺﾞｼ",
    "Image": 46,
    "Price": 640,
    "Rarity": 4,
    "ItemType": 16,
    "AbilityScores": 0,
    "AbilityType": 4
  },
  {
    "ID": 345,
    "Name": "二人静",
    "Kana": "ﾌﾀﾘｼﾂﾞｶ",
    "Image": 47,
    "Price": 6300,
    "Rarity": 6,
    "ItemType": 14,
    "AbilityScores": 5,
    "AbilityType": 4
  },
  {
    "ID": 346,
    "Name": "舟橋蒔絵硯箱",
    "Kana": "ﾌﾅﾊﾞｼﾏｷｴｽｽﾞﾘﾊﾞｺ",
    "Image": 102,
    "Price": 6800,
    "Rarity": 6,
    "ItemType": 24,
    "AbilityScores": 5,
    "AbilityType": 2
  },
  {
    "ID": 347,
    "Name": "車争図屏風",
    "Kana": "ｸﾙﾏｱﾗｿｲｽﾞﾋﾞｮｳﾌﾞ",
    "Image": 49,
    "Price": 7200,
    "Rarity": 6,
    "ItemType": 9,
    "AbilityScores": 5,
    "AbilityType": 4
  },
  {
    "ID": 348,
    "Name": "帝鑑図屏風",
    "Kana": "ﾃｲｶﾝｽﾞﾋﾞｮｳﾌﾞ",
    "Image": 49,
    "Price": 6800,
    "Rarity": 6,
    "ItemType": 9,
    "AbilityScores": 5,
    "AbilityType": 4
  },
  {
    "ID": 349,
    "Name": "神馬",
    "Kana": "ｼﾝﾒ",
    "Image": 33,
    "Price": 1500,
    "Rarity": 3,
    "ItemType": 7,
    "AbilityScores": 0,
    "AbilityType": 1
  },
  {
    "ID": 350,
    "Name": "兵法二十四編",
    "Kana": "ﾍｲﾎｳﾆｼﾞｭｳｼﾍﾝ",
    "Image": 52,
    "Price": 6000,
    "Rarity": 6,
    "ItemType": 17,
    "AbilityScores": 7,
    "AbilityType": 0
  },
  {
    "ID": 351,
    "Name": "兵法三十六計",
    "Kana": "ﾍｲﾎｳｻﾝｼﾞｭｳﾛｸｹｲ",
    "Image": 53,
    "Price": 4500,
    "Rarity": 5,
    "ItemType": 17,
    "AbilityScores": 5,
    "AbilityType": 0
  },
  {
    "ID": 352,
    "Name": "政事要略",
    "Kana": "ｾｲｼﾞﾖｳﾘｬｸ",
    "Image": 51,
    "Price": 4000,
    "Rarity": 5,
    "ItemType": 20,
    "AbilityScores": 4,
    "AbilityType": 2
  },
  {
    "ID": 353,
    "Name": "清良記",
    "Kana": "ｾｲﾘｮｳｷ",
    "Image": 51,
    "Price": 10000,
    "Rarity": 6,
    "ItemType": 20,
    "AbilityScores": 8,
    "AbilityType": 2
  },
  {
    "ID": 354,
    "Name": "陰之流私",
    "Kana": "ｶｹﾞﾉﾘｭｳﾋｿｶ",
    "Image": 50,
    "Price": 6000,
    "Rarity": 6,
    "ItemType": 18,
    "AbilityScores": 5,
    "AbilityType": 1
  }
]